Exams,Probability,Seed,Code Type,N,Time
2,0.08,334,code1,1,2.000000e-06
2,0.08,334,code2,2,1.000000e-06
20,0.32,3401,code1,4,3.139000e-03
20,0.32,3401,code2,4,3.581000e-03
50,0.02,3749,code1,2,1.124800e-02
50,0.02,3749,code2,2,9.901000e-03
40,0.02,3749,code1,2,3.010000e-04
40,0.02,3749,code2,2,3.900000e-05
30,0.02,487,code1,2,2.180000e-04
30,0.02,487,code2,2,3.100000e-05
2,0.64,1278,code1,2,0.000000e+00
2,0.64,1278,code2,2,2.000000e-06
10,0.32,3705,code1,4,2.900000e-05
10,0.32,3705,code2,4,2.000000e-05
30,0.04,6573,code1,2,4.760000e-04
30,0.04,6573,code2,2,3.980000e-04
10,0.04,4783,code1,2,2.100000e-05
10,0.04,4783,code2,2,3.000000e-06
70,0.02,8321,code1,2,1.650410e-01
70,0.02,8321,code2,2,1.682360e-01
10,0.32,487,code1,3,1.500000e-05
10,0.32,487,code2,3,5.000000e-06
50,0.16,721,code1,5,1.783064e+01
50,0.16,721,code2,5,1.784660e+01
50,0.02,487,code1,2,5.210000e-04
50,0.02,487,code2,2,2.500000e-05
40,0.02,721,code1,3,1.873140e-01
40,0.02,721,code2,3,1.886140e-01
10,0.16,3705,code1,3,1.700000e-05
10,0.16,3705,code2,3,8.000000e-06
10,0.02,334,code1,2,2.200000e-05
10,0.02,334,code2,2,5.000000e-06
20,0.16,133,code1,3,8.800000e-05
20,0.16,133,code2,3,1.400000e-05
20,0.04,7215,code1,2,9.500000e-05
20,0.04,7215,code2,2,1.800000e-05
30,0.04,6489,code1,2,1.730000e-04
30,0.04,6489,code2,2,2.000000e-05
30,0.64,6726,code1,8,7.973800e-02
30,0.64,6726,code2,8,8.001600e-02
2,0.64,8105,code1,1,2.000000e-06
2,0.64,8105,code2,2,2.000000e-06
80,0.02,3749,code1,3,1.100050e+01
80,0.02,3749,code2,3,1.095488e+01
50,0.08,5840,code1,3,2.648497e+00
50,0.08,5840,code2,3,2.693476e+00
80,0.02,6194,code1,3,1.507263e+01
80,0.02,6194,code2,3,1.512623e+01
60,0.08,2783,code1,4,7.088514e+01
60,0.08,2783,code2,4,7.182840e+01
60,0.02,3648,code1,2,8.290000e-04
60,0.02,3648,code2,2,3.000000e-05
70,0.08,6573,code1,4,2.108744e+01
70,0.08,6573,code2,4,2.100918e+01
30,0.04,183,code1,2,1.640000e-04
30,0.04,183,code2,2,2.400000e-05
50,0.02,9544,code1,2,1.196900e-02
50,0.02,9544,code2,2,1.263200e-02
2,0.32,1278,code1,2,1.000000e-06
2,0.32,1278,code2,2,2.000000e-06
10,0.08,6930,code1,2,1.600000e-05
10,0.08,6930,code2,2,5.000000e-06
10,0.16,3749,code1,2,2.200000e-05
10,0.16,3749,code2,2,5.000000e-06
50,0.08,6489,code1,3,2.517307e+01
50,0.08,6489,code2,3,2.541738e+01
10,0.32,9665,code1,3,2.200000e-05
10,0.32,9665,code2,3,8.000000e-06
20,0.64,183,code1,7,1.107000e-02
20,0.64,183,code2,7,1.319900e-02
30,0.64,8105,code1,9,2.604170e+01
30,0.64,8105,code2,9,2.657437e+01
2,0.08,9544,code1,2,1.000000e-06
2,0.08,9544,code2,2,2.000000e-06
2,0.08,2783,code1,1,2.000000e-06
2,0.08,2783,code2,2,2.000000e-06
40,0.04,6194,code1,3,3.948000e-03
40,0.04,6194,code2,3,7.082000e-03
20,0.64,3648,code1,7,4.111300e-02
20,0.64,3648,code2,7,4.709900e-02
30,0.16,3648,code1,4,4.260000e-04
30,0.16,3648,code2,4,2.830000e-04
30,0.32,6757,code1,5,5.318000e-03
30,0.32,6757,code2,5,3.325000e-03
10,0.04,2783,code1,2,1.300000e-05
10,0.04,2783,code2,2,3.000000e-06
70,0.04,6930,code1,3,7.151344e+00
70,0.04,6930,code2,3,7.150035e+00
20,0.02,9665,code1,2,8.600000e-05
20,0.02,9665,code2,2,1.000000e-05
70,0.04,3648,code1,3,3.394502e+01
70,0.04,3648,code2,3,3.417214e+01
30,0.08,9544,code1,3,7.220000e-04
30,0.08,9544,code2,3,6.750000e-04
10,0.32,6930,code1,3,2.300000e-05
10,0.32,6930,code2,3,1.000000e-05
70,0.04,1278,code1,3,5.212440e-01
70,0.04,1278,code2,3,5.239970e-01
50,0.02,4783,code1,2,1.091500e-02
50,0.02,4783,code2,2,9.662000e-03
30,0.02,5855,code1,2,1.240000e-04
30,0.02,5855,code2,2,1.000000e-05
40,0.02,487,code1,2,8.058639e+00
40,0.02,487,code2,2,7.940298e+00
20,0.02,133,code1,2,6.800000e-05
20,0.02,133,code2,2,1.100000e-05
30,0.32,6194,code1,5,5.060500e-02
30,0.32,6194,code2,5,4.677100e-02
50,0.04,8105,code1,3,5.691800e-02
50,0.04,8105,code2,3,5.948900e-02
10,0.16,3401,code1,2,1.800000e-05
10,0.16,3401,code2,2,6.000000e-06
20,0.16,334,code1,4,1.530000e-04
20,0.16,334,code2,4,1.340000e-04
30,0.04,5840,code1,2,1.550000e-04
30,0.04,5840,code2,2,1.300000e-05
10,0.02,2275,code1,2,1.600000e-05
10,0.02,2275,code2,2,5.000000e-06
30,0.08,721,code1,3,2.120000e-04
30,0.08,721,code2,3,2.200000e-05
30,0.08,2405,code1,3,1.900000e-04
30,0.08,2405,code2,3,9.400000e-05
30,0.16,579,code1,4,4.031000e-03
30,0.16,579,code2,4,4.210000e-03
60,0.04,6726,code1,3,4.731000e-03
60,0.04,6726,code2,3,3.783000e-03
10,0.02,9806,code1,2,1.500000e-05
10,0.02,9806,code2,2,5.000000e-06
20,0.64,7215,code1,7,3.476200e-02
20,0.64,7215,code2,7,2.295300e-02
10,0.16,6573,code1,3,1.500000e-05
10,0.16,6573,code2,3,6.000000e-06
30,0.02,6489,code1,2,1.270000e-04
30,0.02,6489,code2,2,1.400000e-05
20,0.64,8321,code1,7,6.145700e-02
20,0.64,8321,code2,7,6.624200e-02
2,0.64,9806,code1,1,2.000000e-06
2,0.64,9806,code2,2,3.000000e-06
10,0.04,6930,code1,1,1.700000e-05
10,0.04,6930,code2,2,5.000000e-06
2,0.32,8105,code1,1,2.000000e-06
2,0.32,8105,code2,2,2.000000e-06
2,0.64,3648,code1,1,2.000000e-06
2,0.64,3648,code2,2,3.000000e-06
70,0.04,133,code1,3,3.041000e-03
70,0.04,133,code2,3,2.301000e-03
40,0.16,6757,code1,4,5.679000e-03
40,0.16,6757,code2,4,8.642000e-03
20,0.02,6930,code1,2,6.800000e-05
20,0.02,6930,code2,2,6.000000e-06
20,0.32,8321,code1,4,8.600000e-05
20,0.32,8321,code2,4,4.200000e-05
70,0.02,579,code1,3,1.281764e+01
70,0.02,579,code2,3,1.272449e+01
40,0.08,6726,code1,3,1.719000e-03
40,0.08,6726,code2,3,1.423000e-03
2,0.02,487,code1,1,2.000000e-06
2,0.02,487,code2,2,2.000000e-06
40,0.04,9665,code1,3,1.354200e-02
40,0.04,9665,code2,3,1.921400e-02
10,0.16,6489,code1,3,2.100000e-05
10,0.16,6489,code2,3,1.400000e-05
2,0.04,9544,code1,1,2.000000e-06
2,0.04,9544,code2,2,2.000000e-06
2,0.04,183,code1,1,3.000000e-06
2,0.04,183,code2,2,2.000000e-06
30,0.16,3705,code1,4,8.034800e-02
30,0.16,3705,code2,4,8.043800e-02
50,0.04,3401,code1,3,1.173230e-01
50,0.04,3401,code2,3,1.223880e-01
40,0.02,8105,code1,2,4.850000e-04
40,0.02,8105,code2,2,1.440000e-04
60,0.04,183,code1,3,9.410000e-04
60,0.04,183,code2,3,1.040000e-04
10,0.02,3401,code1,2,1.500000e-05
10,0.02,3401,code2,2,4.000000e-06
2,0.32,2783,code1,1,3.000000e-06
2,0.32,2783,code2,2,3.000000e-06
10,0.16,8321,code1,2,1.700000e-05
10,0.16,8321,code2,2,5.000000e-06
30,0.16,6489,code1,3,1.816000e-03
30,0.16,6489,code2,3,1.168000e-03
50,0.04,2405,code1,3,1.493200e-01
50,0.04,2405,code2,3,1.467770e-01
20,0.08,6489,code1,2,1.060000e-04
20,0.08,6489,code2,2,5.700000e-05
80,0.02,1278,code1,3,4.830485e+01
80,0.02,1278,code2,3,4.790033e+01
40,0.16,6573,code1,4,9.640000e-03
40,0.16,6573,code2,4,5.699000e-03
10,0.08,6489,code1,2,1.600000e-05
10,0.08,6489,code2,2,4.000000e-06
30,0.16,4783,code1,4,3.350400e-02
30,0.16,4783,code2,4,2.928900e-02
10,0.16,133,code1,2,1.700000e-05
10,0.16,133,code2,2,5.000000e-06
10,0.08,3648,code1,2,1.600000e-05
10,0.08,3648,code2,2,3.000000e-06
2,0.32,8321,code1,1,3.000000e-06
2,0.32,8321,code2,2,2.000000e-06
70,0.02,334,code1,2,6.483000e-03
70,0.02,334,code2,2,5.102000e-03
40,0.04,183,code1,3,7.488111e+01
40,0.04,183,code2,3,7.487406e+01
70,0.04,487,code1,3,2.050300e-02
70,0.04,487,code2,3,1.979200e-02
60,0.02,9665,code1,2,1.302000e-03
60,0.02,9665,code2,2,1.078000e-03
10,0.02,487,code1,2,1.600000e-05
10,0.02,487,code2,2,5.000000e-06
20,0.04,2275,code1,2,8.600000e-05
20,0.04,2275,code2,2,1.000000e-05
10,0.08,4783,code1,2,2.100000e-05
10,0.08,4783,code2,2,5.000000e-06
2,0.32,2405,code1,1,2.000000e-06
2,0.32,2405,code2,2,1.000000e-06
60,0.04,6757,code1,3,6.995070e-01
60,0.04,6757,code2,3,6.854090e-01
20,0.64,5855,code1,6,2.576000e-03
20,0.64,5855,code2,6,2.717000e-03
30,0.64,7215,code1,9,2.363121e+01
30,0.64,7215,code2,9,2.424528e+01
50,0.04,7215,code1,3,2.011500e-02
50,0.04,7215,code2,3,2.020600e-02
40,0.04,721,code1,3,2.567000e-02
40,0.04,721,code2,3,2.430800e-02
30,0.32,8105,code1,5,1.838140e-01
30,0.32,8105,code2,5,1.859710e-01
2,0.04,9806,code1,1,3.000000e-06
2,0.04,9806,code2,2,2.000000e-06
2,0.08,6194,code1,1,3.000000e-06
2,0.08,6194,code2,2,2.000000e-06
30,0.08,6489,code1,3,3.859000e-03
30,0.08,6489,code2,3,3.436000e-03
60,0.02,9806,code1,3,2.212441e+01
60,0.02,9806,code2,3,2.222109e+01
50,0.02,5840,code1,3,2.287766e+01
50,0.02,5840,code2,3,2.291722e+01
50,0.02,3401,code1,2,6.780000e-04
50,0.02,3401,code2,2,1.260000e-04
20,0.04,6757,code1,3,5.000000e-04
20,0.04,6757,code2,3,4.800000e-04
40,0.16,9806,code1,4,6.146500e-02
40,0.16,9806,code2,4,6.293400e-02
2,0.32,6489,code1,1,2.000000e-06
2,0.32,6489,code2,2,2.000000e-06
20,0.16,5840,code1,3,3.900000e-04
20,0.16,5840,code2,3,2.510000e-04
30,0.04,6726,code1,3,3.844000e-03
30,0.04,6726,code2,3,4.450000e-03
30,0.64,6930,code1,9,9.476761e+01
30,0.64,6930,code2,9,9.512556e+01
2,0.32,7107,code1,2,0.000000e+00
2,0.32,7107,code2,2,2.000000e-06
30,0.16,6573,code1,4,1.617800e-02
30,0.16,6573,code2,4,1.415400e-02
2,0.02,9806,code1,1,3.000000e-06
2,0.02,9806,code2,2,3.000000e-06
2,0.16,6930,code1,1,3.000000e-06
2,0.16,6930,code2,2,2.000000e-06
2,0.64,2783,code1,2,1.000000e-06
2,0.64,2783,code2,2,2.000000e-06
2,0.02,9544,code1,1,3.000000e-06
2,0.02,9544,code2,2,3.000000e-06
60,0.08,8105,code1,3,3.354087e+01
60,0.08,8105,code2,3,3.374918e+01
30,0.08,8105,code1,2,9.570000e-04
30,0.08,8105,code2,2,7.160000e-04
60,0.02,9544,code1,2,8.150000e-04
60,0.02,9544,code2,2,4.200000e-05
30,0.64,6573,code1,10,5.263139e+01
30,0.64,6573,code2,10,5.416447e+01
40,0.32,9544,code1,6,3.221322e+00
40,0.32,9544,code2,6,3.277721e+00
10,0.32,9806,code1,3,2.000000e-05
10,0.32,9806,code2,3,1.100000e-05
60,0.08,3401,code1,4,6.453787e+00
60,0.08,3401,code2,4,6.497007e+00
50,0.08,6757,code1,3,1.704997e+00
50,0.08,6757,code2,3,1.704734e+00
2,0.04,721,code1,1,2.000000e-06
2,0.04,721,code2,2,2.000000e-06
30,0.32,7215,code1,5,2.726000e-03
30,0.32,7215,code2,5,2.792000e-03
2,0.04,6194,code1,1,3.000000e-06
2,0.04,6194,code2,2,3.000000e-06
30,0.08,3401,code1,3,2.686000e-03
30,0.08,3401,code2,3,2.563000e-03
10,0.02,3705,code1,2,1.600000e-05
10,0.02,3705,code2,2,3.000000e-06
30,0.08,3749,code1,3,2.070000e-04
30,0.08,3749,code2,3,6.400000e-05
40,0.32,3648,code1,6,2.319521e+01
40,0.32,3648,code2,6,2.330979e+01
10,0.04,2275,code1,2,1.500000e-05
10,0.04,2275,code2,2,5.000000e-06
2,0.08,3401,code1,1,2.000000e-06
2,0.08,3401,code2,2,2.000000e-06
80,0.02,183,code1,3,3.899209e+00
80,0.02,183,code2,3,3.912556e+00
50,0.08,1278,code1,3,1.740840e+01
50,0.08,1278,code2,3,1.745384e+01
2,0.08,579,code1,1,3.000000e-06
2,0.08,579,code2,2,1.000000e-06
2,0.04,8321,code1,1,2.000000e-06
2,0.04,8321,code2,2,2.000000e-06
10,0.08,5855,code1,2,1.600000e-05
10,0.08,5855,code2,2,4.000000e-06
50,0.02,5855,code1,2,7.180000e-04
50,0.02,5855,code2,2,1.850000e-04
20,0.16,5855,code1,3,2.760000e-04
20,0.16,5855,code2,3,2.030000e-04
20,0.08,487,code1,3,1.580000e-04
20,0.08,487,code2,3,1.650000e-04
20,0.16,1278,code1,3,1.590000e-04
20,0.16,1278,code2,3,1.280000e-04
10,0.08,183,code1,2,1.600000e-05
10,0.08,183,code2,2,5.000000e-06
30,0.08,2783,code1,3,2.620000e-04
30,0.08,2783,code2,3,1.670000e-04
50,0.02,133,code1,2,9.367830e+00
50,0.02,133,code2,2,9.407031e+00
40,0.08,9806,code1,3,7.257000e-03
40,0.08,9806,code2,3,5.725000e-03
50,0.08,8321,code1,3,7.230653e+00
50,0.08,8321,code2,3,7.224423e+00
50,0.16,579,code1,4,3.796560e-01
50,0.16,579,code2,4,3.762420e-01
40,0.04,8105,code1,2,1.958000e-03
40,0.04,8105,code2,2,1.667000e-03
2,0.32,6930,code1,1,2.000000e-06
2,0.32,6930,code2,2,2.000000e-06
40,0.04,5840,code1,3,2.279080e-01
40,0.04,5840,code2,3,2.284480e-01
70,0.02,9544,code1,3,6.419962e+01
70,0.02,9544,code2,3,6.374180e+01
10,0.04,183,code1,2,1.600000e-05
10,0.04,183,code2,2,4.000000e-06
20,0.64,3705,code1,8,3.041030e-01
20,0.64,3705,code2,8,3.048030e-01
40,0.16,579,code1,4,1.148300e-02
40,0.16,579,code2,4,8.622000e-03
70,0.02,6930,code1,3,8.960947e+01
70,0.02,6930,code2,3,8.877224e+01
20,0.08,6573,code1,3,8.700000e-05
20,0.08,6573,code2,3,1.600000e-05
2,0.04,7215,code1,1,2.000000e-06
2,0.04,7215,code2,2,2.000000e-06
10,0.64,334,code1,5,4.000000e-05
10,0.64,334,code2,5,4.900000e-05
20,0.64,487,code1,7,2.779100e-02
20,0.64,487,code2,7,2.629400e-02
30,0.16,133,code1,4,5.265600e-02
30,0.16,133,code2,4,1.469500e-02
30,0.16,7215,code1,4,7.370000e-04
30,0.16,7215,code2,4,6.330000e-04
10,0.04,721,code1,2,1.400000e-05
10,0.04,721,code2,2,4.000000e-06
40,0.02,5855,code1,2,3.545800e-02
40,0.02,5855,code2,2,3.395800e-02
50,0.16,2405,code1,4,2.970466e+01
50,0.16,2405,code2,4,3.013784e+01
50,0.02,579,code1,2,5.870000e-04
50,0.02,579,code2,2,2.100000e-05
30,0.32,9544,code1,5,3.993000e-02
30,0.32,9544,code2,5,4.091500e-02
30,0.32,3705,code1,5,1.274994e+00
30,0.32,3705,code2,5,1.277811e+00
10,0.64,6573,code1,6,1.010000e-04
10,0.64,6573,code2,6,1.450000e-04
30,0.64,6489,code1,8,4.186340e+00
30,0.64,6489,code2,8,4.165818e+00
60,0.04,2405,code1,3,2.713000e-03
60,0.04,2405,code2,3,1.202000e-03
10,0.64,487,code1,4,1.800000e-05
10,0.64,487,code2,4,1.300000e-05
20,0.32,2275,code1,4,1.006000e-03
20,0.32,2275,code2,4,9.970000e-04
40,0.02,6726,code1,2,3.649000e-03
40,0.02,6726,code2,2,2.209000e-03
40,0.02,9544,code1,2,3.980000e-04
40,0.02,9544,code2,2,1.300000e-04
30,0.04,3648,code1,3,1.514000e-03
30,0.04,3648,code2,3,1.352000e-03
2,0.64,8321,code1,1,2.000000e-06
2,0.64,8321,code2,2,2.000000e-06
50,0.04,8321,code1,3,1.444700e-02
50,0.04,8321,code2,3,1.704800e-02
40,0.16,6726,code1,4,8.797200e-01
40,0.16,6726,code2,4,8.803680e-01
20,0.32,6573,code1,4,2.750000e-04
20,0.32,6573,code2,4,2.880000e-04
10,0.16,2783,code1,2,1.900000e-05
10,0.16,2783,code2,2,4.000000e-06
20,0.32,487,code1,4,1.590000e-04
20,0.32,487,code2,4,7.900000e-05
2,0.64,5840,code1,2,0.000000e+00
2,0.64,5840,code2,2,2.000000e-06
70,0.02,133,code1,2,2.582600e-02
70,0.02,133,code2,2,2.151000e-02
80,0.04,7215,code1,3,6.031700e-01
80,0.04,7215,code2,3,5.961460e-01
90,0.02,4783,code1,3,5.694200e-02
90,0.02,4783,code2,3,6.028900e-02
20,0.16,3705,code1,3,7.200000e-05
20,0.16,3705,code2,3,1.600000e-05
60,0.04,1278,code1,3,7.690000e-04
60,0.04,1278,code2,3,4.200000e-05
2,0.02,5855,code1,1,2.000000e-06
2,0.02,5855,code2,2,2.000000e-06
20,0.32,183,code1,4,9.900000e-05
20,0.32,183,code2,4,2.200000e-05
2,0.04,487,code1,1,2.000000e-06
2,0.04,487,code2,2,1.000000e-06
20,0.04,487,code1,2,6.800000e-05
20,0.04,487,code2,2,8.000000e-06
40,0.16,721,code1,4,3.821510e-01
40,0.16,721,code2,4,3.843820e-01
40,0.08,7107,code1,4,2.202200e-02
40,0.08,7107,code2,4,1.633300e-02
2,0.08,3749,code1,1,2.000000e-06
2,0.08,3749,code2,2,3.000000e-06
60,0.16,183,code1,5,2.901898e+01
60,0.16,183,code2,5,2.921086e+01
30,0.64,6757,code1,8,1.335616e+00
30,0.64,6757,code2,8,1.363441e+00
70,0.04,9544,code1,3,2.891080e-01
70,0.04,9544,code2,3,2.867400e-01
30,0.04,721,code1,2,5.810000e-04
30,0.04,721,code2,2,4.030000e-04
10,0.16,6726,code1,2,2.000000e-05
10,0.16,6726,code2,2,5.000000e-06
40,0.16,1278,code1,4,2.673500e-02
40,0.16,1278,code2,4,2.271200e-02
2,0.32,9665,code1,1,2.000000e-06
2,0.32,9665,code2,2,3.000000e-06
30,0.32,183,code1,5,2.791320e-01
30,0.32,183,code2,5,2.857800e-01
2,0.08,2275,code1,1,2.000000e-06
2,0.08,2275,code2,2,2.000000e-06
50,0.04,7107,code1,3,7.522000e-03
50,0.04,7107,code2,3,1.156000e-02
2,0.16,5840,code1,1,2.000000e-06
2,0.16,5840,code2,2,2.000000e-06
90,0.02,3648,code1,3,3.675471e+00
90,0.02,3648,code2,3,3.694412e+00
10,0.02,6757,code1,1,1.700000e-05
10,0.02,6757,code2,2,4.000000e-06
30,0.08,6930,code1,3,3.116000e-03
30,0.08,6930,code2,3,2.976000e-03
2,0.02,6194,code1,1,2.000000e-06
2,0.02,6194,code2,2,2.000000e-06
50,0.08,487,code1,3,7.260210e-01
50,0.08,487,code2,3,6.836510e-01
50,0.16,6194,code1,5,3.797319e+01
50,0.16,6194,code2,5,1.287606e+01
10,0.64,8105,code1,5,7.300000e-05
10,0.64,8105,code2,5,8.900000e-05
40,0.02,2275,code1,2,2.880000e-04
40,0.02,2275,code2,2,2.000000e-05
60,0.04,2783,code1,3,1.081000e-03
60,0.04,2783,code2,3,2.480000e-04
40,0.02,183,code1,3,1.579923e+01
40,0.02,183,code2,3,1.564005e+01
20,0.64,3401,code1,7,2.797500e-02
20,0.64,3401,code2,7,2.915400e-02
10,0.16,8105,code1,2,1.200000e-05
10,0.16,8105,code2,2,4.000000e-06
2,0.04,133,code1,1,2.000000e-06
2,0.04,133,code2,2,2.000000e-06
80,0.04,5855,code1,3,2.344580e-01
80,0.04,5855,code2,3,2.294460e-01
30,0.02,6726,code1,2,1.620000e-04
30,0.02,6726,code2,2,1.500000e-05
20,0.04,8321,code1,2,6.800000e-05
20,0.04,8321,code2,2,9.000000e-06
50,0.08,7215,code1,4,4.831616e+00
50,0.08,7215,code2,4,4.941088e+00
40,0.16,334,code1,4,7.980242e+00
40,0.16,334,code2,4,7.955182e+00
2,0.64,487,code1,1,2.000000e-06
2,0.64,487,code2,2,3.000000e-06
70,0.02,2783,code1,3,1.663170e-01
70,0.02,2783,code2,3,1.637410e-01
30,0.08,2275,code1,4,6.037068e+00
30,0.08,2275,code2,4,5.992396e+00
30,0.64,334,code1,8,9.455570e-01
30,0.64,334,code2,8,9.072230e-01
20,0.04,8105,code1,2,8.800000e-05
20,0.04,8105,code2,2,1.000000e-05
40,0.08,487,code1,3,1.944560e-01
40,0.08,487,code2,3,2.004690e-01
60,0.02,6757,code1,2,1.036850e-01
60,0.02,6757,code2,2,1.018540e-01
40,0.16,5855,code1,4,3.657300e-02
40,0.16,5855,code2,4,3.357800e-02
10,0.04,3705,code1,2,1.500000e-05
10,0.04,3705,code2,2,4.000000e-06
70,0.08,8321,code1,4,1.246452e+01
70,0.08,8321,code2,4,1.243962e+01
40,0.32,8105,code1,5,4.280170e-01
40,0.32,8105,code2,5,4.278530e-01
40,0.16,4783,code1,4,5.976600e-02
40,0.16,4783,code2,4,5.663200e-02
2,0.04,1278,code1,1,2.000000e-06
2,0.04,1278,code2,2,2.000000e-06
40,0.08,3648,code1,3,9.940000e-04
40,0.08,3648,code2,3,7.060000e-04
10,0.64,3705,code1,5,6.500000e-05
10,0.64,3705,code2,5,6.300000e-05
10,0.02,2405,code1,2,2.000000e-05
10,0.02,2405,code2,2,4.000000e-06
2,0.04,3401,code1,1,2.000000e-06
2,0.04,3401,code2,2,2.000000e-06
20,0.08,3401,code1,2,7.100000e-05
20,0.08,3401,code2,2,7.000000e-06
80,0.04,2275,code1,3,1.977500e-02
80,0.04,2275,code2,3,1.837900e-02
10,0.02,9544,code1,1,1.700000e-05
10,0.02,9544,code2,2,5.000000e-06
60,0.04,5855,code1,3,3.918100e-02
60,0.04,5855,code2,3,3.662300e-02
40,0.16,3705,code1,4,1.967600e-02
40,0.16,3705,code2,4,1.489000e-02
70,0.02,8105,code1,3,3.686789e+01
70,0.02,8105,code2,3,3.704004e+01
40,0.32,5855,code1,5,8.086573e+00
40,0.32,5855,code2,5,7.792751e+00
30,0.04,1278,code1,2,2.160000e-04
30,0.04,1278,code2,2,2.800000e-05
40,0.32,3749,code1,6,9.272815e+01
40,0.32,3749,code2,6,8.958571e+01
50,0.04,6489,code1,3,5.167700e-02
50,0.04,6489,code2,3,4.789300e-02
30,0.02,9544,code1,2,7.687000e-03
30,0.02,9544,code2,2,5.317000e-03
2,0.08,3648,code1,1,2.000000e-06
2,0.08,3648,code2,2,2.000000e-06
80,0.04,6489,code1,3,8.694476e+00
80,0.04,6489,code2,3,8.491670e+00
70,0.02,7107,code1,3,2.816775e+00
70,0.02,7107,code2,3,2.778029e+00
40,0.04,2783,code1,2,2.905100e-02
40,0.04,2783,code2,2,2.866800e-02
60,0.16,6573,code1,5,8.624162e+00
60,0.16,6573,code2,5,8.765446e+00
30,0.64,5840,code1,9,2.244737e+01
30,0.64,5840,code2,9,2.320333e+01
20,0.32,3749,code1,4,1.610000e-04
20,0.32,3749,code2,4,8.500000e-05
2,0.02,1278,code1,1,2.000000e-06
2,0.02,1278,code2,2,1.000000e-06
20,0.02,6757,code1,2,7.400000e-05
20,0.02,6757,code2,2,1.400000e-05
20,0.02,579,code1,2,8.700000e-05
20,0.02,579,code2,2,9.000000e-06
2,0.08,7215,code1,1,3.000000e-06
2,0.08,7215,code2,2,1.000000e-06
2,0.64,334,code1,1,2.000000e-06
2,0.64,334,code2,2,2.000000e-06
30,0.02,579,code1,2,1.260000e-04
30,0.02,579,code2,2,9.000000e-06
2,0.32,6194,code1,1,2.000000e-06
2,0.32,6194,code2,2,2.000000e-06
2,0.04,2275,code1,1,3.000000e-06
2,0.04,2275,code2,2,2.000000e-06
60,0.04,9665,code1,3,1.194000e-03
60,0.04,9665,code2,3,4.480000e-04
50,0.04,6757,code1,3,3.298600e-02
50,0.04,6757,code2,3,2.852100e-02
30,0.32,6726,code1,5,2.287800e-02
30,0.32,6726,code2,5,2.423400e-02
50,0.04,6930,code1,3,1.615100e-02
50,0.04,6930,code2,3,1.614400e-02
2,0.04,8105,code1,1,2.000000e-06
2,0.04,8105,code2,2,2.000000e-06
60,0.08,7215,code1,4,7.546220e-01
60,0.08,7215,code2,4,8.201520e-01
30,0.02,2405,code1,2,1.580000e-04
30,0.02,2405,code2,2,1.400000e-05
2,0.64,133,code1,2,0.000000e+00
2,0.64,133,code2,2,3.000000e-06
2,0.64,5855,code1,1,3.000000e-06
2,0.64,5855,code2,2,3.000000e-06
60,0.08,6194,code1,4,1.295265e+01
60,0.08,6194,code2,4,1.284607e+01
60,0.02,3401,code1,2,8.646700e-02
60,0.02,3401,code2,2,8.574900e-02
30,0.04,2275,code1,3,2.134300e-02
30,0.04,2275,code2,3,1.817100e-02
2,0.02,579,code1,1,3.000000e-06
2,0.02,579,code2,2,3.000000e-06
60,0.08,9544,code1,4,2.796248e+01
60,0.08,9544,code2,4,2.805593e+01
30,0.16,5855,code1,4,1.597900e-02
30,0.16,5855,code2,4,1.463500e-02
30,0.32,2405,code1,5,8.232800e-02
30,0.32,2405,code2,5,7.553400e-02
10,0.02,5840,code1,2,1.600000e-05
10,0.02,5840,code2,2,2.000000e-06
40,0.04,7107,code1,3,1.145100e-02
40,0.04,7107,code2,3,1.067100e-02
40,0.02,9806,code1,2,2.810000e-04
40,0.02,9806,code2,2,1.600000e-05
70,0.02,6573,code1,3,1.598707e+01
70,0.02,6573,code2,3,1.591343e+01
10,0.04,2405,code1,2,1.700000e-05
10,0.04,2405,code2,2,4.000000e-06
50,0.16,7215,code1,5,1.071432e+01
50,0.16,7215,code2,5,1.069484e+01
20,0.02,487,code1,2,5.500000e-05
20,0.02,487,code2,2,8.000000e-06
2,0.16,2275,code1,1,3.000000e-06
2,0.16,2275,code2,2,2.000000e-06
30,0.16,9665,code1,3,1.504000e-03
30,0.16,9665,code2,3,1.388000e-03
20,0.02,6573,code1,2,5.500000e-05
20,0.02,6573,code2,2,6.000000e-06
50,0.16,2783,code1,5,6.538534e+00
50,0.16,2783,code2,5,6.670559e+00
50,0.02,334,code1,2,4.431390e-01
50,0.02,334,code2,2,4.344390e-01
50,0.02,2783,code1,3,7.579400e-02
50,0.02,2783,code2,3,7.511800e-02
10,0.64,2405,code1,5,1.900000e-05
10,0.64,2405,code2,5,1.300000e-05
2,0.08,6930,code1,1,2.000000e-06
2,0.08,6930,code2,2,2.000000e-06
10,0.08,8321,code1,2,1.600000e-05
10,0.08,8321,code2,2,5.000000e-06
80,0.02,6930,code1,3,9.082595e+01
80,0.02,6930,code2,3,9.051258e+01
30,0.08,334,code1,3,4.190000e-04
30,0.08,334,code2,3,2.720000e-04
20,0.04,334,code1,2,5.700000e-05
20,0.04,334,code2,2,9.000000e-06
30,0.32,1278,code1,5,9.180730e-01
30,0.32,1278,code2,5,9.286910e-01
40,0.02,3401,code1,3,5.557900e-02
40,0.02,3401,code2,3,5.365600e-02
70,0.02,721,code1,3,2.379318e+00
70,0.02,721,code2,3,2.356959e+00
80,0.02,6573,code1,3,6.286690e-01
80,0.02,6573,code2,3,6.217080e-01
30,0.04,2405,code1,2,2.953000e-03
30,0.04,2405,code2,2,2.972000e-03
2,0.04,3648,code1,1,2.000000e-06
2,0.04,3648,code2,2,2.000000e-06
10,0.04,9665,code1,2,1.600000e-05
10,0.04,9665,code2,2,5.000000e-06
10,0.64,4783,code1,5,4.700000e-05
10,0.64,4783,code2,5,4.300000e-05
50,0.16,3648,code1,5,6.527614e+01
50,0.16,3648,code2,5,6.472927e+01
40,0.32,7215,code1,6,1.009257e+01
40,0.32,7215,code2,6,1.022690e+01
2,0.16,7107,code1,2,1.000000e-06
2,0.16,7107,code2,2,2.000000e-06
90,0.02,7107,code1,3,3.332010e-01
90,0.02,7107,code2,3,3.254380e-01
10,0.64,8321,code1,5,2.700000e-05
10,0.64,8321,code2,5,2.500000e-05
60,0.16,4783,code1,5,9.533618e+01
60,0.16,4783,code2,5,9.439105e+01
40,0.08,3401,code1,3,1.134257e+00
40,0.08,3401,code2,3,1.121839e+00
40,0.02,6489,code1,2,4.570000e-04
40,0.02,6489,code2,2,2.240000e-04
20,0.08,7215,code1,3,7.400000e-05
20,0.08,7215,code2,3,1.700000e-05
60,0.02,721,code1,2,2.946910e-01
60,0.02,721,code2,2,2.968050e-01
30,0.02,2275,code1,2,1.250000e-04
30,0.02,2275,code2,2,1.100000e-05
10,0.08,7215,code1,3,2.500000e-05
10,0.08,7215,code2,3,2.000000e-05
10,0.08,2783,code1,2,1.300000e-05
10,0.08,2783,code2,2,3.000000e-06
30,0.32,6489,code1,5,8.309100e-02
30,0.32,6489,code2,5,8.294600e-02
2,0.02,183,code1,1,2.000000e-06
2,0.02,183,code2,2,2.000000e-06
2,0.64,6573,code1,1,3.000000e-06
2,0.64,6573,code2,2,1.000000e-06
20,0.04,1278,code1,2,9.500000e-05
20,0.04,1278,code2,2,1.000000e-05
20,0.16,2275,code1,3,8.800000e-05
20,0.16,2275,code2,3,1.600000e-05
10,0.16,4783,code1,3,1.700000e-05
10,0.16,4783,code2,3,7.000000e-06
40,0.32,6194,code1,6,9.423211e+00
40,0.32,6194,code2,6,9.542261e+00
30,0.32,9665,code1,5,1.949020e-01
30,0.32,9665,code2,5,1.885360e-01
40,0.32,3705,code1,6,1.932105e+01
40,0.32,3705,code2,6,1.971694e+01
10,0.64,5855,code1,4,1.400000e-05
10,0.64,5855,code2,4,8.000000e-06
10,0.04,6757,code1,2,1.900000e-05
10,0.04,6757,code2,2,4.000000e-06
20,0.64,5840,code1,8,1.963700e-02
20,0.64,5840,code2,8,2.417600e-02
20,0.02,3705,code1,2,6.600000e-05
20,0.02,3705,code2,2,1.000000e-05
30,0.08,3648,code1,3,2.780000e-04
30,0.08,3648,code2,3,7.000000e-05
30,0.04,2783,code1,2,4.780000e-04
30,0.04,2783,code2,2,2.290000e-04
2,0.04,5840,code1,1,2.000000e-06
2,0.04,5840,code2,2,2.000000e-06
2,0.02,3705,code1,1,3.000000e-06
2,0.02,3705,code2,2,2.000000e-06
30,0.08,6194,code1,3,3.800000e-04
30,0.08,6194,code2,3,1.980000e-04
20,0.64,9806,code1,7,2.316300e-02
20,0.64,9806,code2,7,1.677200e-02
20,0.04,7107,code1,2,2.190000e-04
20,0.04,7107,code2,2,1.580000e-04
2,0.02,721,code1,1,4.000000e-06
2,0.02,721,code2,2,2.000000e-06
10,0.32,7215,code1,3,1.600000e-05
10,0.32,7215,code2,3,7.000000e-06
20,0.64,6930,code1,7,2.260000e-03
20,0.64,6930,code2,7,1.617000e-03
40,0.02,6194,code1,2,5.020000e-03
40,0.02,6194,code2,2,4.750000e-03
40,0.16,7107,code1,5,1.442684e+00
40,0.16,7107,code2,5,1.454009e+00
20,0.32,3705,code1,5,6.700000e-04
20,0.32,3705,code2,5,6.560000e-04
40,0.08,3705,code1,3,8.996600e-02
40,0.08,3705,code2,3,9.306300e-02
70,0.02,6489,code1,3,2.444000e-03
70,0.02,6489,code2,3,1.625000e-03
2,0.32,579,code1,2,0.000000e+00
2,0.32,579,code2,2,2.000000e-06
40,0.02,9665,code1,2,3.630000e-04
40,0.02,9665,code2,2,1.500000e-05
2,0.32,6757,code1,1,2.000000e-06
2,0.32,6757,code2,2,2.000000e-06
30,0.02,9665,code1,2,2.000000e-04
30,0.02,9665,code2,2,1.400000e-05
10,0.02,6573,code1,2,2.100000e-05
10,0.02,6573,code2,2,3.000000e-06
20,0.32,2405,code1,4,5.260000e-04
20,0.32,2405,code2,4,3.710000e-04
40,0.04,1278,code1,2,6.110000e-04
40,0.04,1278,code2,2,4.920000e-04
60,0.02,7215,code1,2,1.034000e-03
60,0.02,7215,code2,2,4.680000e-04
40,0.16,3749,code1,4,2.733320e-01
40,0.16,3749,code2,4,2.672640e-01
60,0.04,7215,code1,3,3.287181e+00
60,0.04,7215,code2,3,3.282359e+00
30,0.08,4783,code1,3,1.880000e-04
30,0.08,4783,code2,3,3.100000e-05
2,0.08,4783,code1,1,2.000000e-06
2,0.08,4783,code2,2,2.000000e-06
20,0.32,1278,code1,4,3.980000e-04
20,0.32,1278,code2,4,2.120000e-04
60,0.02,4783,code1,2,6.456600e-02
60,0.02,4783,code2,2,6.233300e-02
40,0.02,6930,code1,3,3.197390e-01
40,0.02,6930,code2,3,3.220930e-01
2,0.04,5855,code1,1,2.000000e-06
2,0.04,5855,code2,2,3.000000e-06
10,0.08,6194,code1,2,2.100000e-05
10,0.08,6194,code2,2,4.000000e-06
30,0.04,5855,code1,2,1.570000e-04
30,0.04,5855,code2,2,1.500000e-05
10,0.16,3648,code1,3,1.500000e-05
10,0.16,3648,code2,3,5.000000e-06
2,0.08,6489,code1,1,2.000000e-06
2,0.08,6489,code2,2,1.000000e-06
40,0.02,7215,code1,2,1.083000e-03
40,0.02,7215,code2,2,8.450000e-04
30,0.04,487,code1,2,1.640000e-04
30,0.04,487,code2,2,2.500000e-05
2,0.02,2405,code1,1,3.000000e-06
2,0.02,2405,code2,2,2.000000e-06
50,0.16,6573,code1,4,3.397160e-01
50,0.16,6573,code2,4,3.331630e-01
40,0.32,334,code1,6,4.216200e+00
40,0.32,334,code2,6,4.285731e+00
50,0.04,3705,code1,3,4.571280e-01
50,0.04,3705,code2,3,4.531500e-01
80,0.04,9665,code1,3,1.709933e+00
80,0.04,9665,code2,3,1.714928e+00
50,0.02,721,code1,2,3.537100e-02
50,0.02,721,code2,2,2.972700e-02
2,0.16,4783,code1,1,3.000000e-06
2,0.16,4783,code2,2,2.000000e-06
20,0.64,2405,code1,7,1.351800e-01
20,0.64,2405,code2,7,1.356810e-01
60,0.04,3648,code1,3,2.409840e-01
60,0.04,3648,code2,3,2.405370e-01
30,0.02,3401,code1,2,1.670000e-04
30,0.02,3401,code2,2,2.100000e-05
10,0.64,3401,code1,4,2.200000e-05
10,0.64,3401,code2,4,1.000000e-05
20,0.02,3648,code1,2,7.100000e-05
20,0.02,3648,code2,2,7.000000e-06
10,0.16,6930,code1,3,2.800000e-05
10,0.16,6930,code2,3,1.700000e-05
2,0.16,2405,code1,1,3.000000e-06
2,0.16,2405,code2,2,2.000000e-06
20,0.08,5855,code1,3,1.880000e-04
20,0.08,5855,code2,3,5.700000e-05
10,0.16,2275,code1,2,2.600000e-05
10,0.16,2275,code2,2,3.000000e-06
20,0.16,6194,code1,4,1.614000e-03
20,0.16,6194,code2,4,1.190000e-03
20,0.64,6757,code1,7,1.898930e-01
20,0.64,6757,code2,7,2.021940e-01
10,0.16,9544,code1,4,7.600000e-05
10,0.16,9544,code2,4,9.200000e-05
20,0.32,6194,code1,5,4.985000e-03
20,0.32,6194,code2,5,5.432000e-03
40,0.08,6573,code1,3,2.480000e-04
40,0.08,6573,code2,3,4.100000e-05
10,0.16,7215,code1,3,1.900000e-05
10,0.16,7215,code2,3,1.100000e-05
10,0.64,7107,code1,4,1.800000e-05
10,0.64,7107,code2,4,1.300000e-05
50,0.16,9806,code1,4,2.878257e+01
50,0.16,9806,code2,4,2.893118e+01
70,0.04,7215,code1,3,2.850420e-01
70,0.04,7215,code2,3,2.848430e-01
10,0.16,579,code1,2,1.600000e-05
10,0.16,579,code2,2,6.000000e-06
50,0.16,5855,code1,4,8.244804e+00
50,0.16,5855,code2,4,8.007311e+00
10,0.02,5855,code1,2,1.800000e-05
10,0.02,5855,code2,2,4.000000e-06
60,0.08,721,code1,4,5.655277e+00
60,0.08,721,code2,4,5.567447e+00
2,0.32,183,code1,2,1.000000e-06
2,0.32,183,code2,2,2.000000e-06
80,0.02,7215,code1,3,2.437027e+01
80,0.02,7215,code2,3,2.420474e+01
10,0.02,183,code1,2,1.300000e-05
10,0.02,183,code2,2,4.000000e-06
2,0.16,6726,code1,1,3.000000e-06
2,0.16,6726,code2,2,3.000000e-06
60,0.08,6726,code1,3,9.601561e+01
60,0.08,6726,code2,3,9.526134e+01
2,0.16,133,code1,1,2.000000e-06
2,0.16,133,code2,2,2.000000e-06
2,0.16,7215,code1,1,2.000000e-06
2,0.16,7215,code2,2,2.000000e-06
20,0.16,2405,code1,3,7.900000e-05
20,0.16,2405,code2,3,2.800000e-05
2,0.32,133,code1,1,2.000000e-06
2,0.32,133,code2,2,1.000000e-06
60,0.02,6726,code1,2,8.054310e-01
60,0.02,6726,code2,2,7.983340e-01
50,0.08,6930,code1,3,1.482003e+00
50,0.08,6930,code2,3,1.442270e+00
40,0.32,2275,code1,6,2.212427e+01
40,0.32,2275,code2,6,2.239147e+01
10,0.32,183,code1,3,1.800000e-05
10,0.32,183,code2,3,1.000000e-05
40,0.04,3705,code1,2,1.230900e-02
40,0.04,3705,code2,2,1.455100e-02
10,0.32,6489,code1,3,1.700000e-05
10,0.32,6489,code2,3,1.000000e-05
10,0.16,2405,code1,2,2.100000e-05
10,0.16,2405,code2,2,5.000000e-06
100,0.02,7215,code1,3,1.249877e+00
100,0.02,7215,code2,3,1.237156e+00
70,0.04,334,code1,3,2.054700e-02
70,0.04,334,code2,3,1.773300e-02
10,0.16,334,code1,3,2.400000e-05
10,0.16,334,code2,3,1.400000e-05
60,0.04,133,code1,3,7.860000e-04
60,0.04,133,code2,3,5.900000e-05
10,0.08,9806,code1,2,1.500000e-05
10,0.08,9806,code2,2,5.000000e-06
10,0.32,721,code1,3,2.500000e-05
10,0.32,721,code2,3,9.000000e-06
20,0.08,721,code1,3,1.040000e-04
20,0.08,721,code2,3,5.900000e-05
10,0.04,334,code1,2,1.700000e-05
10,0.04,334,code2,2,3.000000e-06
60,0.02,2275,code1,2,6.886000e-03
60,0.02,2275,code2,2,3.845000e-03
30,0.04,7215,code1,2,2.500000e-04
30,0.04,7215,code2,2,1.160000e-04
2,0.02,6573,code1,1,3.000000e-06
2,0.02,6573,code2,2,2.000000e-06
20,0.04,4783,code1,2,6.700000e-05
20,0.04,4783,code2,2,1.000000e-05
70,0.04,2275,code1,3,1.314820e-01
70,0.04,2275,code2,3,1.283580e-01
10,0.32,579,code1,4,2.600000e-05
10,0.32,579,code2,4,2.500000e-05
60,0.08,6573,code1,3,1.828405e+00
60,0.08,6573,code2,3,1.825019e+00
20,0.02,2783,code1,2,1.150000e-04
20,0.02,2783,code2,2,7.100000e-05
30,0.32,3401,code1,5,1.408500e-02
30,0.32,3401,code2,5,1.587900e-02
20,0.16,721,code1,4,2.270000e-04
20,0.16,721,code2,4,1.410000e-04
10,0.08,6757,code1,2,1.500000e-05
10,0.08,6757,code2,2,5.000000e-06
20,0.16,7107,code1,3,1.289000e-03
20,0.16,7107,code2,3,1.224000e-03
40,0.02,6757,code1,2,4.820000e-04
40,0.02,6757,code2,2,1.680000e-04
60,0.04,3401,code1,3,4.568900e-02
60,0.04,3401,code2,3,4.714400e-02
10,0.16,6194,code1,3,1.800000e-05
10,0.16,6194,code2,3,8.000000e-06
50,0.04,2783,code1,3,7.996000e-03
50,0.04,2783,code2,3,5.241000e-03
40,0.32,6726,code1,6,5.939715e+00
40,0.32,6726,code2,6,6.350793e+00
60,0.02,3705,code1,2,5.427588e+01
60,0.02,3705,code2,2,5.446688e+01
20,0.32,334,code1,4,1.390000e-04
20,0.32,334,code2,4,7.200000e-05
40,0.32,2783,code1,6,2.838855e+00
40,0.32,2783,code2,6,3.102520e+00
2,0.16,2783,code1,1,2.000000e-06
2,0.16,2783,code2,2,1.000000e-06
20,0.08,6930,code1,3,9.000000e-05
20,0.08,6930,code2,3,4.200000e-05
30,0.16,1278,code1,4,2.842800e-02
30,0.16,1278,code2,4,3.088300e-02
10,0.32,3401,code1,3,1.600000e-05
10,0.32,3401,code2,3,7.000000e-06
40,0.32,6489,code1,6,2.626711e+01
40,0.32,6489,code2,6,2.665054e+01
2,0.32,6573,code1,1,2.000000e-06
2,0.32,6573,code2,2,2.000000e-06
50,0.16,5840,code1,4,2.313600e-01
50,0.16,5840,code2,4,2.274370e-01
70,0.02,3648,code1,2,4.764000e-03
70,0.02,3648,code2,2,2.217000e-03
70,0.04,2783,code1,3,3.830000e-03
70,0.04,2783,code2,3,1.664000e-03
2,0.16,6573,code1,1,2.000000e-06
2,0.16,6573,code2,2,2.000000e-06
10,0.64,721,code1,5,6.900000e-05
10,0.64,721,code2,5,8.400000e-05
10,0.64,6757,code1,5,2.800000e-05
10,0.64,6757,code2,5,2.900000e-05
70,0.04,9665,code1,3,4.701450e-01
70,0.04,9665,code2,3,4.713910e-01
20,0.64,334,code1,6,8.000000e-04
20,0.64,334,code2,6,1.030000e-03
60,0.02,183,code1,3,1.068817e+01
60,0.02,183,code2,3,1.081209e+01
10,0.02,6726,code1,2,1.500000e-05
10,0.02,6726,code2,2,4.000000e-06
10,0.02,579,code1,2,2.200000e-05
10,0.02,579,code2,2,5.000000e-06
2,0.64,6930,code1,2,1.000000e-06
2,0.64,6930,code2,2,2.000000e-06
60,0.02,8321,code1,2,6.185000e-03
60,0.02,8321,code2,2,5.643000e-03
30,0.16,7107,code1,4,6.631000e-03
30,0.16,7107,code2,4,4.303000e-03
2,0.02,9665,code1,1,1.000000e-06
2,0.02,9665,code2,2,2.000000e-06
40,0.32,7107,code1,6,3.748602e+00
40,0.32,7107,code2,6,3.770678e+00
20,0.16,6573,code1,3,8.800000e-05
20,0.16,6573,code2,3,1.500000e-05
30,0.04,6930,code1,3,8.251000e-03
30,0.04,6930,code2,3,6.917000e-03
10,0.16,5840,code1,3,1.700000e-05
10,0.16,5840,code2,3,1.100000e-05
20,0.16,6726,code1,3,9.900000e-05
20,0.16,6726,code2,3,2.500000e-05
40,0.16,2275,code1,4,8.781831e+00
40,0.16,2275,code2,4,8.525960e+00
90,0.02,2783,code1,3,9.847651e+01
90,0.02,2783,code2,3,9.879721e+01
60,0.04,8321,code1,3,1.323160e-01
60,0.04,8321,code2,3,1.279080e-01
60,0.02,6573,code1,3,1.315800e-01
60,0.02,6573,code2,3,1.311760e-01
2,0.32,7215,code1,1,3.000000e-06
2,0.32,7215,code2,2,2.000000e-06
2,0.32,6726,code1,1,3.000000e-06
2,0.32,6726,code2,2,2.000000e-06
50,0.02,7215,code1,2,1.190700e-02
50,0.02,7215,code2,2,1.542700e-02
30,0.02,1278,code1,2,2.120000e-04
30,0.02,1278,code2,2,2.600000e-05
10,0.64,6194,code1,5,4.900000e-05
10,0.64,6194,code2,5,4.600000e-05
2,0.16,9665,code1,1,2.000000e-06
2,0.16,9665,code2,2,1.000000e-06
20,0.04,9665,code1,2,6.800000e-05
20,0.04,9665,code2,2,1.000000e-05
10,0.08,3749,code1,2,1.600000e-05
10,0.08,3749,code2,2,5.000000e-06
20,0.02,6194,code1,2,8.800000e-05
20,0.02,6194,code2,2,1.000000e-05
10,0.02,8105,code1,1,2.200000e-05
10,0.02,8105,code2,2,4.000000e-06
50,0.16,8105,code1,4,5.572500e-01
50,0.16,8105,code2,4,5.562030e-01
50,0.04,6726,code1,3,2.044300e-02
50,0.04,6726,code2,3,1.543000e-02
50,0.04,2275,code1,3,2.912400e-02
50,0.04,2275,code2,3,2.627200e-02
30,0.16,3401,code1,3,1.268000e-03
30,0.16,3401,code2,3,1.016000e-03
10,0.64,183,code1,4,1.300000e-05
10,0.64,183,code2,4,7.000000e-06
90,0.02,183,code1,3,8.454970e+00
90,0.02,183,code2,3,8.513729e+00
30,0.08,6757,code1,3,5.360000e-04
30,0.08,6757,code2,3,3.530000e-04
40,0.16,3401,code1,4,2.197300e-02
40,0.16,3401,code2,4,2.176500e-02
20,0.16,8105,code1,2,6.800000e-05
20,0.16,8105,code2,2,1.000000e-05
20,0.04,6930,code1,2,7.000000e-05
20,0.04,6930,code2,2,8.000000e-06
40,0.08,8105,code1,3,1.570300e-02
40,0.08,8105,code2,3,1.058800e-02
50,0.02,8321,code1,2,2.317208e+01
50,0.02,8321,code2,2,2.324290e+01
40,0.08,183,code1,4,3.187805e+01
40,0.08,183,code2,4,3.202302e+01
50,0.08,3705,code1,3,1.453900e-02
50,0.08,3705,code2,3,1.355400e-02
60,0.04,487,code1,3,2.412400e-02
60,0.04,487,code2,3,2.565400e-02
2,0.08,487,code1,1,2.000000e-06
2,0.08,487,code2,2,1.000000e-06
60,0.04,6573,code1,3,1.730900e-02
60,0.04,6573,code2,3,1.833300e-02
30,0.04,133,code1,2,2.520000e-04
30,0.04,133,code2,2,7.100000e-05
20,0.08,579,code1,2,5.500000e-05
20,0.08,579,code2,2,9.000000e-06
2,0.04,2783,code1,1,3.000000e-06
2,0.04,2783,code2,2,1.000000e-06
50,0.02,9665,code1,2,7.566100e-02
50,0.02,9665,code2,2,8.122100e-02
50,0.16,6930,code1,5,5.254918e+01
50,0.16,6930,code2,5,5.245192e+01
2,0.08,8105,code1,1,2.000000e-06
2,0.08,8105,code2,2,2.000000e-06
2,0.64,7107,code1,2,0.000000e+00
2,0.64,7107,code2,2,2.000000e-06
20,0.64,7107,code1,8,1.725560e-01
20,0.64,7107,code2,8,1.809640e-01
10,0.32,5855,code1,3,1.600000e-05
10,0.32,5855,code2,3,7.000000e-06
40,0.16,133,code1,5,8.191426e+00
40,0.16,133,code2,5,8.212796e+00
50,0.04,487,code1,3,2.668300e-02
50,0.04,487,code2,3,2.396200e-02
20,0.16,6930,code1,3,1.220000e-04
20,0.16,6930,code2,3,4.800000e-05
40,0.16,7215,code1,4,5.221730e-01
40,0.16,7215,code2,4,5.174830e-01
2,0.16,3749,code1,1,2.000000e-06
2,0.16,3749,code2,2,2.000000e-06
50,0.02,3648,code1,3,9.611567e+01
50,0.02,3648,code2,3,9.680262e+01
10,0.04,487,code1,2,1.300000e-05
10,0.04,487,code2,2,4.000000e-06
40,0.08,9544,code1,3,3.258500e-02
40,0.08,9544,code2,3,3.107200e-02
20,0.64,579,code1,8,3.847510e-01
20,0.64,579,code2,8,3.906440e-01
50,0.08,5855,code1,3,1.337050e-01
50,0.08,5855,code2,3,1.326660e-01
20,0.16,3648,code1,4,1.158000e-03
20,0.16,3648,code2,4,1.088000e-03
50,0.04,4783,code1,3,4.445000e-03
50,0.04,4783,code2,3,2.453000e-03
2,0.16,3648,code1,1,2.000000e-06
2,0.16,3648,code2,2,2.000000e-06
70,0.02,7215,code1,3,2.220503e+00
70,0.02,7215,code2,3,2.194515e+00
2,0.32,5840,code1,2,1.000000e-06
2,0.32,5840,code2,2,2.000000e-06
70,0.02,6757,code1,2,5.473770e-01
70,0.02,6757,code2,2,5.443230e-01
30,0.32,133,code1,6,1.006530e-01
30,0.32,133,code2,6,1.015180e-01
10,0.32,1278,code1,4,2.200000e-05
10,0.32,1278,code2,4,1.900000e-05
20,0.16,579,code1,4,1.009100e-02
20,0.16,579,code2,4,5.616000e-03
40,0.04,5855,code1,2,2.880300e-02
40,0.04,5855,code2,2,2.638300e-02
70,0.02,9665,code1,2,1.538000e-03
70,0.02,9665,code2,2,3.660000e-04
10,0.04,5855,code1,2,1.900000e-05
10,0.04,5855,code2,2,4.000000e-06
10,0.08,6726,code1,2,1.600000e-05
10,0.08,6726,code2,2,5.000000e-06
60,0.04,6194,code1,3,2.062107e+01
60,0.04,6194,code2,3,2.070960e+01
80,0.02,9544,code1,3,6.645895e+01
80,0.02,9544,code2,3,6.673966e+01
60,0.02,5855,code1,2,8.690000e-04
60,0.02,5855,code2,2,4.340000e-04
2,0.16,8105,code1,1,3.000000e-06
2,0.16,8105,code2,2,2.000000e-06
40,0.08,9665,code1,3,4.990000e-03
40,0.08,9665,code2,3,2.888000e-03
60,0.02,3749,code1,3,1.062800e-02
60,0.02,3749,code2,3,8.421000e-03
60,0.04,579,code1,3,3.605000e-03
60,0.04,579,code2,3,2.964000e-03
40,0.04,7215,code1,3,2.527300e-02
40,0.04,7215,code2,3,2.254300e-02
10,0.04,6573,code1,2,1.600000e-05
10,0.04,6573,code2,2,5.000000e-06
30,0.08,7107,code1,3,1.418000e-03
30,0.08,7107,code2,3,1.760000e-03
100,0.02,3401,code1,3,2.934063e+01
100,0.02,3401,code2,3,2.917972e+01
40,0.04,3401,code1,3,1.422900e-02
40,0.04,3401,code2,3,1.356400e-02
50,0.08,8105,code1,3,1.150981e+00
50,0.08,8105,code2,3,1.147759e+00
30,0.32,579,code1,5,4.434000e-02
30,0.32,579,code2,5,4.472700e-02
20,0.04,6573,code1,2,5.400000e-05
20,0.04,6573,code2,2,9.000000e-06
20,0.16,2783,code1,3,8.500000e-05
20,0.16,2783,code2,3,2.900000e-05
10,0.64,579,code1,4,2.300000e-05
10,0.64,579,code2,4,2.100000e-05
2,0.16,6489,code1,1,2.000000e-06
2,0.16,6489,code2,2,3.000000e-06
50,0.08,3401,code1,3,1.914329e+01
50,0.08,3401,code2,3,1.911747e+01
40,0.32,2405,code1,6,1.041106e+00
40,0.32,2405,code2,6,1.020170e+00
10,0.32,133,code1,4,1.300000e-05
10,0.32,133,code2,4,8.000000e-06
10,0.08,9665,code1,2,1.400000e-05
10,0.08,9665,code2,2,3.000000e-06
50,0.04,334,code1,3,8.249000e-03
50,0.04,334,code2,3,7.781000e-03
20,0.04,3648,code1,2,8.800000e-05
20,0.04,3648,code2,2,1.100000e-05
50,0.08,2275,code1,4,8.736047e+00
50,0.08,2275,code2,4,8.672402e+00
40,0.04,2275,code1,3,1.960000e-03
40,0.04,2275,code2,3,2.633000e-03
70,0.02,4783,code1,3,3.869430e+01
70,0.02,4783,code2,3,3.938529e+01
30,0.04,9665,code1,2,2.020000e-04
30,0.04,9665,code2,2,1.400000e-05
10,0.32,8321,code1,3,1.900000e-05
10,0.32,8321,code2,3,5.000000e-06
50,0.08,721,code1,4,3.687112e+00
50,0.08,721,code2,4,3.683979e+00
20,0.04,9544,code1,2,6.800000e-05
20,0.04,9544,code2,2,1.000000e-05
50,0.08,6194,code1,3,2.375400e-02
50,0.08,6194,code2,3,2.520000e-04
40,0.08,4783,code1,3,2.266266e+00
40,0.08,4783,code2,3,2.244808e+00
2,0.16,6194,code1,1,2.000000e-06
2,0.16,6194,code2,2,2.000000e-06
40,0.04,9806,code1,3,1.333470e-01
40,0.04,9806,code2,3,1.368800e-01
30,0.64,5855,code1,9,1.708579e+01
30,0.64,5855,code2,9,1.654247e+01
80,0.02,2783,code1,3,2.704004e+00
80,0.02,2783,code2,3,2.694641e+00
2,0.04,2405,code1,1,2.000000e-06
2,0.04,2405,code2,2,1.000000e-06
30,0.16,9806,code1,4,1.449400e-02
30,0.16,9806,code2,4,1.584700e-02
30,0.02,8321,code1,2,1.550000e-04
30,0.02,8321,code2,2,1.400000e-05
20,0.02,3401,code1,2,6.900000e-05
20,0.02,3401,code2,2,1.100000e-05
10,0.16,9665,code1,2,1.500000e-05
10,0.16,9665,code2,2,3.000000e-06
30,0.02,3705,code1,2,2.000000e-04
30,0.02,3705,code2,2,1.400000e-05
20,0.64,9544,code1,7,1.105680e-01
20,0.64,9544,code2,7,1.073620e-01
10,0.08,5840,code1,2,1.600000e-05
10,0.08,5840,code2,2,5.000000e-06
10,0.16,487,code1,2,2.600000e-05
10,0.16,487,code2,2,1.200000e-05
20,0.04,3401,code1,2,8.900000e-05
20,0.04,3401,code2,2,1.000000e-05
10,0.08,579,code1,2,1.700000e-05
10,0.08,579,code2,2,5.000000e-06
20,0.16,9665,code1,3,2.020000e-04
20,0.16,9665,code2,3,1.210000e-04
50,0.08,6573,code1,3,3.990922e+00
50,0.08,6573,code2,3,3.969769e+00
40,0.04,3749,code1,3,1.023300e-02
40,0.04,3749,code2,3,8.594000e-03
10,0.02,4783,code1,2,1.700000e-05
10,0.02,4783,code2,2,5.000000e-06
10,0.04,3648,code1,2,1.600000e-05
10,0.04,3648,code2,2,4.000000e-06
40,0.04,6489,code1,2,1.045000e-03
40,0.04,6489,code2,2,3.090000e-04
50,0.08,9665,code1,3,3.706000e-03
50,0.08,9665,code2,3,3.948000e-03
40,0.16,6194,code1,5,3.326539e+01
40,0.16,6194,code2,5,3.330671e+01
30,0.02,183,code1,2,1.900000e-04
30,0.02,183,code2,2,4.500000e-05
40,0.02,2405,code1,2,3.670000e-04
40,0.02,2405,code2,2,2.000000e-05
10,0.64,2275,code1,4,3.700000e-05
10,0.64,2275,code2,4,3.700000e-05
10,0.02,7107,code1,2,2.800000e-05
10,0.02,7107,code2,2,4.000000e-06
20,0.16,487,code1,3,1.880000e-04
20,0.16,487,code2,3,1.220000e-04
20,0.02,6489,code1,2,6.900000e-05
20,0.02,6489,code2,2,1.000000e-05
20,0.08,3648,code1,3,1.250000e-04
20,0.08,3648,code2,3,6.400000e-05
40,0.08,2783,code1,3,3.556000e-03
40,0.08,2783,code2,3,3.360000e-03
40,0.04,133,code1,3,7.821000e-03
40,0.04,133,code2,3,7.398000e-03
30,0.64,9544,code1,8,2.906652e+01
30,0.64,9544,code2,8,2.968424e+01
30,0.08,487,code1,3,3.600000e-04
30,0.08,487,code2,3,1.780000e-04
10,0.04,9806,code1,2,1.900000e-05
10,0.04,9806,code2,2,3.000000e-06
30,0.32,3749,code1,6,5.309927e+00
30,0.32,3749,code2,6,5.424296e+00
30,0.16,721,code1,4,1.107000e-03
30,0.16,721,code2,4,1.011000e-03
2,0.64,721,code1,2,1.000000e-06
2,0.64,721,code2,2,2.000000e-06
40,0.32,6757,code1,6,6.083316e+00
40,0.32,6757,code2,6,5.998625e+00
2,0.64,2275,code1,1,3.000000e-06
2,0.64,2275,code2,2,3.000000e-06
30,0.02,3648,code1,2,1.660000e-04
30,0.02,3648,code2,2,1.300000e-05
50,0.02,6573,code1,2,5.820000e-04
50,0.02,6573,code2,2,3.100000e-05
20,0.02,334,code1,2,6.900000e-05
20,0.02,334,code2,2,1.000000e-05
10,0.32,8105,code1,3,4.900000e-05
10,0.32,8105,code2,3,5.000000e-05
20,0.32,7107,code1,4,8.860000e-04
20,0.32,7107,code2,4,8.180000e-04
30,0.08,7215,code1,3,2.650000e-04
30,0.08,7215,code2,3,7.600000e-05
10,0.04,3749,code1,2,2.200000e-05
10,0.04,3749,code2,2,3.000000e-06
20,0.64,721,code1,7,5.875800e-02
20,0.64,721,code2,7,5.630400e-02
20,0.04,6489,code1,2,6.900000e-05
20,0.04,6489,code2,2,9.000000e-06
2,0.16,5855,code1,1,2.000000e-06
2,0.16,5855,code2,2,3.000000e-06
50,0.02,6930,code1,2,2.493000e-03
50,0.02,6930,code2,2,2.017000e-03
40,0.08,721,code1,3,1.898173e+00
40,0.08,721,code2,3,1.888309e+00
30,0.02,6573,code1,2,1.570000e-04
30,0.02,6573,code2,2,1.400000e-05
10,0.08,487,code1,2,2.100000e-05
10,0.08,487,code2,2,4.000000e-06
10,0.32,3749,code1,3,1.500000e-05
10,0.32,3749,code2,3,7.000000e-06
10,0.08,1278,code1,2,2.300000e-05
10,0.08,1278,code2,2,5.000000e-06
30,0.32,334,code1,4,4.070000e-04
30,0.32,334,code2,4,1.680000e-04
50,0.04,9665,code1,2,6.511150e-01
50,0.04,9665,code2,2,6.545420e-01
40,0.08,579,code1,3,1.985100e-02
40,0.08,579,code2,3,1.802900e-02
20,0.32,721,code1,4,2.750000e-04
20,0.32,721,code2,4,1.530000e-04
10,0.04,579,code1,2,1.700000e-05
10,0.04,579,code2,2,4.000000e-06
2,0.32,334,code1,1,2.000000e-06
2,0.32,334,code2,2,2.000000e-06
50,0.08,133,code1,3,5.540990e-01
50,0.08,133,code2,3,5.777420e-01
30,0.08,1278,code1,3,1.081000e-03
30,0.08,1278,code2,3,1.011000e-03
10,0.02,8321,code1,2,1.900000e-05
10,0.02,8321,code2,2,7.000000e-06
40,0.04,6930,code1,3,3.072000e-03
40,0.04,6930,code2,3,1.783000e-03
10,0.02,3648,code1,2,1.600000e-05
10,0.02,3648,code2,2,4.000000e-06
20,0.04,3705,code1,2,1.120000e-04
20,0.04,3705,code2,2,1.300000e-05
70,0.02,1278,code1,2,1.531000e-03
70,0.02,1278,code2,2,3.800000e-05
2,0.04,3705,code1,1,3.000000e-06
2,0.04,3705,code2,2,2.000000e-06
20,0.04,5855,code1,3,4.070000e-04
20,0.04,5855,code2,3,4.440000e-04
20,0.16,6489,code1,3,5.900000e-05
20,0.16,6489,code2,3,9.000000e-06
10,0.08,2405,code1,2,1.200000e-05
10,0.08,2405,code2,2,4.000000e-06
30,0.64,2783,code1,9,2.981775e+01
30,0.64,2783,code2,9,3.032144e+01
20,0.08,3749,code1,3,1.320000e-04
20,0.08,3749,code2,3,9.600000e-05
30,0.02,8105,code1,2,1.270000e-04
30,0.02,8105,code2,2,8.000000e-06
60,0.02,8105,code1,2,1.812000e-03
60,0.02,8105,code2,2,1.153000e-03
30,0.04,579,code1,2,4.036000e-03
30,0.04,579,code2,2,5.228000e-03
50,0.02,9806,code1,3,1.966718e+01
50,0.02,9806,code2,3,1.973324e+01
10,0.04,1278,code1,2,1.600000e-05
10,0.04,1278,code2,2,5.000000e-06
10,0.16,721,code1,3,1.700000e-05
10,0.16,721,code2,3,8.000000e-06
20,0.02,2405,code1,2,6.700000e-05
20,0.02,2405,code2,2,1.000000e-05
10,0.02,721,code1,2,2.100000e-05
10,0.02,721,code2,2,5.000000e-06
20,0.32,8105,code1,4,1.690000e-04
20,0.32,8105,code2,4,1.000000e-04
50,0.02,6757,code1,2,4.678000e-03
50,0.02,6757,code2,2,4.223000e-03
60,0.08,334,code1,3,9.736890e-01
60,0.08,334,code2,3,9.685920e-01
10,0.04,6489,code1,2,1.700000e-05
10,0.04,6489,code2,2,5.000000e-06
20,0.04,721,code1,2,6.800000e-05
20,0.04,721,code2,2,1.100000e-05
50,0.04,9544,code1,3,2.883660e-01
50,0.04,9544,code2,3,2.832630e-01
20,0.04,6726,code1,2,4.470000e-04
20,0.04,6726,code2,2,5.050000e-04
10,0.08,3705,code1,2,1.700000e-05
10,0.08,3705,code2,2,2.000000e-06
40,0.04,9544,code1,3,6.322000e-03
40,0.04,9544,code2,3,4.530000e-03
60,0.02,2783,code1,3,1.159050e+00
60,0.02,2783,code2,3,1.157350e+00
70,0.16,4783,code1,5,2.283260e+01
70,0.16,4783,code2,5,2.296223e+01
10,0.16,183,code1,3,1.900000e-05
10,0.16,183,code2,3,1.100000e-05
80,0.02,3648,code1,3,1.901919e+01
80,0.02,3648,code2,3,1.913590e+01
50,0.04,3749,code1,3,2.838710e-01
50,0.04,3749,code2,3,2.830620e-01
2,0.04,6489,code1,1,2.000000e-06
2,0.04,6489,code2,2,2.000000e-06
2,0.32,2275,code1,1,1.000000e-06
2,0.32,2275,code2,2,2.000000e-06
20,0.16,183,code1,3,9.200000e-05
20,0.16,183,code2,3,1.200000e-05
10,0.32,2783,code1,3,2.100000e-05
10,0.32,2783,code2,3,7.000000e-06
2,0.16,334,code1,1,2.000000e-06
2,0.16,334,code2,2,2.000000e-06
40,0.02,4783,code1,2,9.538630e-01
40,0.02,4783,code2,2,9.634030e-01
40,0.16,487,code1,4,1.402990e+00
40,0.16,487,code2,4,1.386766e+00
70,0.02,3749,code1,3,4.584208e+01
70,0.02,3749,code2,3,4.513057e+01
10,0.02,6930,code1,1,2.200000e-05
10,0.02,6930,code2,2,5.000000e-06
20,0.02,8105,code1,1,7.100000e-05
20,0.02,8105,code2,2,1.300000e-05
60,0.04,3749,code1,3,5.839077e+00
60,0.04,3749,code2,3,5.869202e+00
30,0.16,5840,code1,4,5.341700e-02
30,0.16,5840,code2,4,4.934100e-02
2,0.32,4783,code1,1,2.000000e-06
2,0.32,4783,code2,2,2.000000e-06
40,0.04,2405,code1,2,6.479000e-03
40,0.04,2405,code2,2,5.570000e-03
20,0.32,9806,code1,4,2.420000e-04
20,0.32,9806,code2,4,1.740000e-04
30,0.64,3749,code1,9,1.106550e+01
30,0.64,3749,code2,9,1.151706e+01
20,0.02,4783,code1,2,6.700000e-05
20,0.02,4783,code2,2,1.000000e-05
2,0.32,3705,code1,1,2.000000e-06
2,0.32,3705,code2,2,2.000000e-06
30,0.08,5840,code1,3,1.022000e-03
30,0.08,5840,code2,3,1.365000e-03
20,0.64,6194,code1,7,1.186400e-02
20,0.64,6194,code2,7,3.075000e-03
20,0.32,133,code1,4,7.600000e-05
20,0.32,133,code2,4,2.800000e-05
50,0.04,579,code1,3,2.862100e-02
50,0.04,579,code2,3,3.148200e-02
30,0.32,7107,code1,6,1.036727e+01
30,0.32,7107,code2,6,1.042565e+01
70,0.02,5855,code1,2,4.409927e+01
70,0.02,5855,code2,2,4.425094e+01
40,0.08,3749,code1,3,4.774400e-02
40,0.08,3749,code2,3,4.178600e-02
2,0.64,6726,code1,1,2.000000e-06
2,0.64,6726,code2,2,3.000000e-06
2,0.16,6757,code1,1,2.000000e-06
2,0.16,6757,code2,2,2.000000e-06
60,0.04,6930,code1,3,2.518990e-01
60,0.04,6930,code2,3,2.551020e-01
10,0.02,133,code1,2,1.700000e-05
10,0.02,133,code2,2,4.000000e-06
30,0.08,579,code1,3,1.075000e-03
30,0.08,579,code2,3,5.860000e-04
60,0.02,334,code1,2,5.641200e-02
60,0.02,334,code2,2,6.102200e-02
2,0.64,3749,code1,1,1.000000e-06
2,0.64,3749,code2,2,2.000000e-06
10,0.02,6489,code1,2,1.600000e-05
10,0.02,6489,code2,2,4.000000e-06
40,0.04,6573,code1,2,3.410000e-04
40,0.04,6573,code2,2,1.600000e-05
50,0.08,334,code1,3,7.002600e-02
50,0.08,334,code2,3,7.041200e-02
2,0.32,9806,code1,1,3.000000e-06
2,0.32,9806,code2,2,2.000000e-06
2,0.02,334,code1,1,2.000000e-06
2,0.02,334,code2,2,2.000000e-06
40,0.16,5840,code1,4,5.890600e-02
40,0.16,5840,code2,4,6.266300e-02
70,0.04,6573,code1,3,5.368600e-02
70,0.04,6573,code2,3,5.065200e-02
10,0.64,9665,code1,5,2.440000e-04
10,0.64,9665,code2,5,2.450000e-04
30,0.02,7107,code1,2,1.410000e-04
30,0.02,7107,code2,2,2.600000e-05
20,0.16,6757,code1,4,2.594000e-03
20,0.16,6757,code2,4,3.460000e-03
30,0.16,2275,code1,4,5.269700e-02
30,0.16,2275,code2,4,4.606900e-02
20,0.02,7107,code1,2,5.600000e-05
20,0.02,7107,code2,2,6.000000e-06
2,0.04,3749,code1,1,2.000000e-06
2,0.04,3749,code2,2,2.000000e-06
10,0.08,2275,code1,2,2.000000e-05
10,0.08,2275,code2,2,4.000000e-06
2,0.16,183,code1,2,0.000000e+00
2,0.16,183,code2,2,2.000000e-06
30,0.16,6726,code1,4,1.926200e-02
30,0.16,6726,code2,4,1.991300e-02
2,0.32,721,code1,2,1.000000e-06
2,0.32,721,code2,2,3.000000e-06
20,0.32,579,code1,5,4.100000e-03
20,0.32,579,code2,5,4.318000e-03
20,0.32,9665,code1,4,1.538000e-02
20,0.32,9665,code2,4,1.481000e-02
40,0.02,5840,code1,2,3.480000e-04
40,0.02,5840,code2,2,1.800000e-05
2,0.02,3648,code1,1,2.000000e-06
2,0.02,3648,code2,2,2.000000e-06
2,0.64,183,code1,2,0.000000e+00
2,0.64,183,code2,2,1.000000e-06
30,0.04,8105,code1,2,1.570000e-04
30,0.04,8105,code2,2,1.300000e-05
2,0.08,8321,code1,1,3.000000e-06
2,0.08,8321,code2,2,2.000000e-06
20,0.02,183,code1,2,8.700000e-05
20,0.02,183,code2,2,1.100000e-05
50,0.02,6194,code1,2,1.079950e-01
50,0.02,6194,code2,2,1.092430e-01
60,0.02,6930,code1,2,1.014038e+00
60,0.02,6930,code2,2,1.012412e+00
2,0.08,7107,code1,2,0.000000e+00
2,0.08,7107,code2,2,1.000000e-06
90,0.02,5840,code1,3,1.449547e+01
90,0.02,5840,code2,3,1.461842e+01
30,0.04,4783,code1,2,1.260000e-04
30,0.04,4783,code2,2,1.100000e-05
60,0.02,579,code1,2,1.710023e+00
60,0.02,579,code2,2,1.689557e+00
60,0.04,8105,code1,3,4.601700e-02
60,0.04,8105,code2,3,4.280400e-02
10,0.32,2405,code1,3,1.600000e-05
10,0.32,2405,code2,3,7.000000e-06
50,0.04,1278,code1,3,1.949796e+00
50,0.04,1278,code2,3,1.917687e+00
20,0.16,9544,code1,3,7.000000e-05
20,0.16,9544,code2,3,1.900000e-05
30,0.32,721,code1,5,4.084000e-02
30,0.32,721,code2,5,4.136500e-02
10,0.16,7107,code1,3,2.000000e-05
10,0.16,7107,code2,3,1.100000e-05
10,0.04,8105,code1,2,1.600000e-05
10,0.04,8105,code2,2,5.000000e-06
30,0.02,9806,code1,2,1.260000e-04
30,0.02,9806,code2,2,1.100000e-05
50,0.16,6726,code1,4,2.677370e-01
50,0.16,6726,code2,4,2.578050e-01
2,0.02,3401,code1,1,2.000000e-06
2,0.02,3401,code2,2,2.000000e-06
20,0.02,9806,code1,2,8.300000e-05
20,0.02,9806,code2,2,6.000000e-06
40,0.08,5840,code1,3,5.029000e-03
40,0.08,5840,code2,3,2.897000e-03
40,0.02,1278,code1,2,1.327900e-02
40,0.02,1278,code2,2,1.305600e-02
2,0.04,334,code1,1,2.000000e-06
2,0.04,334,code2,2,2.000000e-06
30,0.32,4783,code1,5,3.919200e-02
30,0.32,4783,code2,5,4.549600e-02
50,0.02,2405,code1,2,5.200000e-04
50,0.02,2405,code2,2,1.800000e-05
40,0.08,6930,code1,3,1.162110e+00
40,0.08,6930,code2,3,1.159307e+00
10,0.64,133,code1,6,1.170000e-04
10,0.64,133,code2,6,1.620000e-04
2,0.32,3401,code1,1,2.000000e-06
2,0.32,3401,code2,2,3.000000e-06
2,0.64,9544,code1,2,1.000000e-06
2,0.64,9544,code2,2,2.000000e-06
20,0.08,9544,code1,2,6.900000e-05
20,0.08,9544,code2,2,9.000000e-06
2,0.08,5840,code1,1,2.000000e-06
2,0.08,5840,code2,2,2.000000e-06
2,0.16,579,code1,1,2.000000e-06
2,0.16,579,code2,2,2.000000e-06
20,0.04,9806,code1,3,5.970000e-04
20,0.04,9806,code2,3,3.820000e-04
30,0.32,3648,code1,5,4.906000e-03
30,0.32,3648,code2,5,4.802000e-03
70,0.08,133,code1,4,1.213665e+01
70,0.08,133,code2,4,1.208767e+01
40,0.08,2275,code1,3,1.070000e-03
40,0.08,2275,code2,3,7.230000e-04
20,0.16,3401,code1,3,1.090000e-04
20,0.16,3401,code2,3,3.500000e-05
50,0.04,6194,code1,3,9.300000e-04
50,0.04,6194,code2,3,7.180000e-04
20,0.64,8105,code1,7,7.130000e-03
20,0.64,8105,code2,7,6.915000e-03
30,0.32,9806,code1,5,2.441000e-03
30,0.32,9806,code2,5,3.508000e-03
20,0.08,3705,code1,3,7.300000e-05
20,0.08,3705,code2,3,2.100000e-05
40,0.04,8321,code1,3,2.917000e-03
40,0.04,8321,code2,3,2.552000e-03
2,0.02,2783,code1,1,2.000000e-06
2,0.02,2783,code2,2,2.000000e-06
20,0.64,4783,code1,7,7.684000e-03
20,0.64,4783,code2,7,1.099300e-02
2,0.04,579,code1,1,3.000000e-06
2,0.04,579,code2,2,2.000000e-06
60,0.04,9544,code1,3,5.540000e-02
60,0.04,9544,code2,3,5.346300e-02
30,0.16,6757,code1,3,3.730000e-04
30,0.16,6757,code2,3,2.380000e-04
2,0.08,183,code1,1,2.000000e-06
2,0.08,183,code2,2,1.000000e-06
70,0.16,6930,code1,5,7.649827e+01
70,0.16,6930,code2,5,7.711965e+01
50,0.08,6726,code1,3,2.287500e-02
50,0.08,6726,code2,3,2.241100e-02
20,0.04,2783,code1,2,1.150000e-04
20,0.04,2783,code2,2,7.000000e-05
20,0.04,579,code1,2,8.800000e-05
20,0.04,579,code2,2,6.000000e-06
10,0.08,7107,code1,3,3.100000e-05
10,0.08,7107,code2,3,2.700000e-05
2,0.08,721,code1,1,3.000000e-06
2,0.08,721,code2,2,2.000000e-06
2,0.32,9544,code1,2,1.000000e-06
2,0.32,9544,code2,2,2.000000e-06
40,0.04,4783,code1,3,2.631630e-01
40,0.04,4783,code2,3,2.682730e-01
20,0.64,6489,code1,7,8.475100e-02
20,0.64,6489,code2,7,9.497600e-02
20,0.04,2405,code1,2,1.160000e-04
20,0.04,2405,code2,2,5.200000e-05
50,0.04,5855,code1,3,3.575690e-01
50,0.04,5855,code2,3,3.681870e-01
2,0.04,4783,code1,1,2.000000e-06
2,0.04,4783,code2,2,2.000000e-06
50,0.04,133,code1,3,1.015600e+00
50,0.04,133,code2,3,1.011454e+00
50,0.02,2275,code1,2,5.076610e-01
50,0.02,2275,code2,2,5.034190e-01
20,0.64,2275,code1,7,6.469540e-01
20,0.64,2275,code2,7,6.440380e-01
70,0.02,3401,code1,3,4.311774e+00
70,0.02,3401,code2,3,4.222507e+00
10,0.08,8105,code1,2,1.600000e-05
10,0.08,8105,code2,2,4.000000e-06
30,0.02,4783,code1,2,2.280000e-04
30,0.02,4783,code2,2,1.400000e-05
20,0.02,2275,code1,2,7.000000e-05
20,0.02,2275,code2,2,8.000000e-06
40,0.04,6726,code1,2,7.994000e-03
40,0.04,6726,code2,2,6.179000e-03
2,0.02,7107,code1,1,2.000000e-06
2,0.02,7107,code2,2,1.000000e-06
40,0.16,9665,code1,4,4.335900e-02
40,0.16,9665,code2,4,4.249000e-02
70,0.04,3749,code1,3,3.220900e+00
70,0.04,3749,code2,3,3.208838e+00
10,0.64,6930,code1,5,5.000000e-05
10,0.64,6930,code2,5,4.800000e-05
20,0.16,9806,code1,3,1.140000e-04
20,0.16,9806,code2,3,3.100000e-05
20,0.32,6757,code1,4,8.020000e-04
20,0.32,6757,code2,4,7.410000e-04
2,0.02,4783,code1,1,3.000000e-06
2,0.02,4783,code2,2,1.000000e-06
60,0.02,7107,code1,2,5.897670e-01
60,0.02,7107,code2,2,5.678150e-01
40,0.32,721,code1,6,4.686005e+01
40,0.32,721,code2,6,4.741883e+01
10,0.32,3648,code1,3,1.500000e-05
10,0.32,3648,code2,3,9.000000e-06
10,0.32,6726,code1,3,1.700000e-05
10,0.32,6726,code2,3,6.000000e-06
20,0.64,9665,code1,7,3.701400e-02
20,0.64,9665,code2,7,3.592400e-02
20,0.32,6489,code1,4,1.910000e-04
20,0.32,6489,code2,4,1.430000e-04
20,0.32,6930,code1,5,4.390000e-04
20,0.32,6930,code2,5,4.750000e-04
10,0.02,6194,code1,2,2.200000e-05
10,0.02,6194,code2,2,4.000000e-06
30,0.02,2783,code1,2,2.139000e-03
30,0.02,2783,code2,2,1.508000e-03
50,0.08,9806,code1,3,8.492740e+00
50,0.08,9806,code2,3,3.528057e+00
2,0.04,6930,code1,1,2.000000e-06
2,0.04,6930,code2,2,1.000000e-06
10,0.04,5840,code1,2,2.200000e-05
10,0.04,5840,code2,2,5.000000e-06
2,0.02,133,code1,1,2.000000e-06
2,0.02,133,code2,2,2.000000e-06
40,0.04,487,code1,2,2.612500e-01
40,0.04,487,code2,2,2.618620e-01
40,0.16,183,code1,4,1.699400e-02
40,0.16,183,code2,4,1.623900e-02
50,0.02,6489,code1,3,5.442899e+00
50,0.02,6489,code2,3,5.435246e+00
30,0.02,133,code1,2,1.560000e-04
30,0.02,133,code2,2,1.400000e-05
10,0.02,3749,code1,2,2.000000e-05
10,0.02,3749,code2,2,5.000000e-06
10,0.64,6726,code1,5,4.300000e-05
10,0.64,6726,code2,5,3.800000e-05
30,0.04,3749,code1,2,1.155000e-03
30,0.04,3749,code2,2,7.220000e-04
2,0.04,6573,code1,1,2.000000e-06
2,0.04,6573,code2,2,2.000000e-06
40,0.02,3648,code1,2,2.850000e-04
40,0.02,3648,code2,2,1.700000e-05
60,0.02,133,code1,2,1.642900e-02
60,0.02,133,code2,2,1.523500e-02
80,0.04,721,code1,3,1.098671e+01
80,0.04,721,code2,3,1.105552e+01
10,0.32,4783,code1,3,2.000000e-05
10,0.32,4783,code2,3,1.300000e-05
2,0.64,7215,code1,1,2.000000e-06
2,0.64,7215,code2,2,2.000000e-06
2,0.16,487,code1,1,3.000000e-06
2,0.16,487,code2,2,1.000000e-06
40,0.08,2405,code1,3,2.607000e-03
40,0.08,2405,code2,3,2.282000e-03
20,0.04,5840,code1,2,1.130000e-04
20,0.04,5840,code2,2,1.100000e-05
2,0.08,6573,code1,1,3.000000e-06
2,0.08,6573,code2,2,2.000000e-06
60,0.08,5855,code1,3,2.716417e+01
60,0.08,5855,code2,3,2.628288e+01
40,0.32,487,code1,6,4.422593e+00
40,0.32,487,code2,6,4.451528e+00
70,0.04,183,code1,3,2.372000e-03
70,0.04,183,code2,3,1.195000e-03
30,0.32,5855,code1,5,2.421000e-02
30,0.32,5855,code2,5,2.726000e-02
2,0.02,6757,code1,1,2.000000e-06
2,0.02,6757,code2,2,3.000000e-06
10,0.64,9806,code1,5,4.400000e-05
10,0.64,9806,code2,5,2.700000e-05
2,0.16,1278,code1,2,0.000000e+00
2,0.16,1278,code2,2,2.000000e-06
10,0.02,7215,code1,1,1.600000e-05
10,0.02,7215,code2,2,4.000000e-06
2,0.16,3705,code1,1,2.000000e-06
2,0.16,3705,code2,2,2.000000e-06
40,0.04,334,code1,2,5.480000e-03
40,0.04,334,code2,2,5.581000e-03
2,0.64,4783,code1,1,2.000000e-06
2,0.64,4783,code2,2,2.000000e-06
2,0.64,9665,code1,2,1.000000e-06
2,0.64,9665,code2,2,2.000000e-06
20,0.32,2783,code1,4,2.410000e-04
20,0.32,2783,code2,4,1.430000e-04
40,0.04,6757,code1,3,3.906000e-03
40,0.04,6757,code2,3,2.363000e-03
20,0.08,5840,code1,3,1.060000e-04
20,0.08,5840,code2,3,5.100000e-05
20,0.04,6194,code1,2,8.200000e-05
20,0.04,6194,code2,2,2.800000e-05
40,0.32,6930,code1,5,1.210185e+00
40,0.32,6930,code2,5,1.230357e+00
10,0.64,3648,code1,5,2.100000e-05
10,0.64,3648,code2,5,2.100000e-05
30,0.02,7215,code1,2,2.010000e-04
30,0.02,7215,code2,2,1.400000e-05
10,0.32,5840,code1,3,2.300000e-05
10,0.32,5840,code2,3,1.100000e-05
30,0.08,6573,code1,3,1.119000e-03
30,0.08,6573,code2,3,1.088000e-03
60,0.04,334,code1,3,6.739000e-03
60,0.04,334,code2,3,3.479000e-03
30,0.32,487,code1,5,9.018000e-03
30,0.32,487,code2,5,7.655000e-03
30,0.08,9806,code1,3,1.740000e-04
30,0.08,9806,code2,3,4.300000e-05
30,0.02,721,code1,2,2.050000e-04
30,0.02,721,code2,2,1.800000e-05
40,0.08,8321,code1,3,1.930765e+00
40,0.08,8321,code2,3,1.937952e+00
70,0.04,2405,code1,3,3.802130e-01
70,0.04,2405,code2,3,3.771250e-01
30,0.08,3705,code1,3,1.409000e-03
30,0.08,3705,code2,3,8.270000e-04
30,0.16,9544,code1,4,1.241400e-02
30,0.16,9544,code2,4,1.494700e-02
30,0.16,8321,code1,4,6.610000e-04
30,0.16,8321,code2,4,5.890000e-04
30,0.32,5840,code1,5,2.436190e-01
30,0.32,5840,code2,5,2.441680e-01
60,0.08,579,code1,3,1.993000e-03
60,0.08,579,code2,3,8.100000e-04
60,0.08,4783,code1,4,1.383919e+01
60,0.08,4783,code2,4,1.371453e+01
50,0.08,4783,code1,3,1.403838e+00
50,0.08,4783,code2,3,1.393903e+00
20,0.16,4783,code1,3,1.100000e-04
20,0.16,4783,code2,3,6.700000e-05
40,0.08,6757,code1,3,6.550000e-04
40,0.08,6757,code2,3,3.980000e-04
2,0.04,6726,code1,1,2.000000e-06
2,0.04,6726,code2,2,3.000000e-06
80,0.04,2405,code1,3,2.365027e+00
80,0.04,2405,code2,3,2.352934e+00
10,0.04,9544,code1,2,1.700000e-05
10,0.04,9544,code2,2,5.000000e-06
30,0.04,9544,code1,3,3.852000e-03
30,0.04,9544,code2,3,4.722000e-03
30,0.08,5855,code1,3,7.226100e-02
30,0.08,5855,code2,3,7.433600e-02
40,0.02,7107,code1,2,1.783300e-02
40,0.02,7107,code2,2,2.229400e-02
10,0.16,6757,code1,3,1.500000e-05
10,0.16,6757,code2,3,5.000000e-06
20,0.64,6573,code1,8,7.743900e-02
20,0.64,6573,code2,8,7.955800e-02
10,0.32,2275,code1,3,1.600000e-05
10,0.32,2275,code2,3,6.000000e-06
20,0.08,334,code1,3,6.400000e-05
20,0.08,334,code2,3,2.300000e-05
20,0.32,9544,code1,4,2.690000e-04
20,0.32,9544,code2,4,1.630000e-04
40,0.32,1278,code1,6,4.404629e+00
40,0.32,1278,code2,6,4.446641e+00
20,0.04,183,code1,2,8.000000e-05
20,0.04,183,code2,2,1.000000e-05
40,0.16,8321,code1,4,6.785000e-02
40,0.16,8321,code2,4,6.704800e-02
20,0.16,7215,code1,3,6.100000e-05
20,0.16,7215,code2,3,1.800000e-05
40,0.02,133,code1,2,2.890000e-04
40,0.02,133,code2,2,3.000000e-05
40,0.16,3648,code1,4,5.968880e-01
40,0.16,3648,code2,4,2.654260e-01
40,0.08,334,code1,3,2.552300e-02
40,0.08,334,code2,3,2.292600e-02
50,0.04,9806,code1,3,5.600607e+00
50,0.04,9806,code2,3,5.651619e+00
50,0.02,3705,code1,2,4.737600e-01
50,0.02,3705,code2,2,4.825140e-01
20,0.08,8321,code1,3,9.100000e-05
20,0.08,8321,code2,3,1.200000e-05
40,0.08,7215,code1,3,1.839890e-01
40,0.08,7215,code2,3,1.816510e-01
40,0.16,2783,code1,4,7.850000e-03
40,0.16,2783,code2,4,5.565000e-03
60,0.16,8321,code1,5,5.998600e+01
60,0.16,8321,code2,5,6.013713e+01
2,0.02,2275,code1,1,3.000000e-06
2,0.02,2275,code2,2,3.000000e-06
30,0.64,9665,code1,9,2.687242e+01
30,0.64,9665,code2,9,2.751120e+01
2,0.02,5840,code1,1,2.000000e-06
2,0.02,5840,code2,2,2.000000e-06
40,0.32,8321,code1,6,5.574175e+00
40,0.32,8321,code2,6,5.657570e+00
30,0.16,6194,code1,4,3.748600e-02
30,0.16,6194,code2,4,3.548900e-02
10,0.08,334,code1,2,1.600000e-05
10,0.08,334,code2,2,6.000000e-06
30,0.08,6726,code1,3,4.920000e-04
30,0.08,6726,code2,3,3.020000e-04
40,0.04,579,code1,3,5.898950e-01
40,0.04,579,code2,3,5.960820e-01
20,0.08,133,code1,2,7.400000e-05
20,0.08,133,code2,2,1.400000e-05
10,0.64,5840,code1,5,3.800000e-05
10,0.64,5840,code2,5,2.800000e-05
60,0.02,1278,code1,2,1.263683e+01
60,0.02,1278,code2,2,1.265089e+01
10,0.32,6757,code1,3,2.000000e-05
10,0.32,6757,code2,3,7.000000e-06
10,0.32,6194,code1,4,2.300000e-05
10,0.32,6194,code2,4,1.600000e-05
10,0.04,8321,code1,2,2.400000e-05
10,0.04,8321,code2,2,5.000000e-06
30,0.08,9665,code1,3,8.820000e-04
30,0.08,9665,code2,3,7.860000e-04
20,0.08,4783,code1,2,6.800000e-05
20,0.08,4783,code2,2,8.000000e-06
50,0.08,3648,code1,3,9.727920e-01
50,0.08,3648,code2,3,9.645490e-01
20,0.32,3648,code1,4,4.890000e-04
20,0.32,3648,code2,4,4.170000e-04
10,0.08,3401,code1,2,2.500000e-05
10,0.08,3401,code2,2,9.000000e-06
20,0.02,3749,code1,2,6.900000e-05
20,0.02,3749,code2,2,8.000000e-06
80,0.02,5840,code1,3,9.084130e-01
80,0.02,5840,code2,3,9.036940e-01
40,0.16,6489,code1,4,1.543690e-01
40,0.16,6489,code2,4,1.534250e-01
30,0.16,487,code1,4,2.807000e-03
30,0.16,487,code2,4,4.210000e-03
30,0.16,334,code1,3,2.190000e-04
30,0.16,334,code2,3,1.020000e-04
60,0.08,8321,code1,4,6.949630e+01
60,0.08,8321,code2,4,6.925441e+01
2,0.64,579,code1,2,0.000000e+00
2,0.64,579,code2,2,3.000000e-06
20,0.64,6726,code1,8,6.135810e-01
20,0.64,6726,code2,8,6.311840e-01
2,0.16,8321,code1,1,2.000000e-06
2,0.16,8321,code2,2,2.000000e-06
10,0.16,1278,code1,3,1.900000e-05
10,0.16,1278,code2,3,5.000000e-06
30,0.04,6757,code1,3,4.524000e-03
30,0.04,6757,code2,3,5.027000e-03
20,0.08,6757,code1,3,4.030000e-04
20,0.08,6757,code2,3,5.300000e-04
20,0.64,133,code1,7,6.305400e-02
20,0.64,133,code2,7,6.214900e-02
20,0.32,5855,code1,4,7.370000e-04
20,0.32,5855,code2,4,7.650000e-04
50,0.02,6726,code1,2,1.987000e-03
50,0.02,6726,code2,2,1.053000e-03
10,0.08,9544,code1,3,3.100000e-05
10,0.08,9544,code2,3,1.300000e-05
10,0.32,7107,code1,4,6.200000e-05
10,0.32,7107,code2,4,5.400000e-05
40,0.08,6194,code1,3,2.550000e-03
40,0.08,6194,code2,3,1.298000e-03
10,0.16,5855,code1,3,2.100000e-05
10,0.16,5855,code2,3,9.000000e-06
50,0.04,6573,code1,3,6.432000e-02
50,0.04,6573,code2,3,5.562400e-02
40,0.16,9544,code1,4,1.726000e-01
40,0.16,9544,code2,4,1.700330e-01
20,0.32,4783,code1,4,3.114000e-03
20,0.32,4783,code2,4,1.967000e-03
30,0.04,9806,code1,2,3.630000e-04
30,0.04,9806,code2,2,1.780000e-04
30,0.04,3705,code1,2,2.307000e-03
30,0.04,3705,code2,2,3.148000e-03
70,0.02,9806,code1,2,9.881834e+01
10,0.04,6726,code1,2,1.600000e-05
10,0.04,6726,code2,2,5.000000e-06
2,0.02,3749,code1,1,2.000000e-06
2,0.02,3749,code2,2,2.000000e-06
10,0.04,7107,code1,2,1.600000e-05
10,0.04,7107,code2,2,3.000000e-06
50,0.08,7107,code1,4,1.235175e+00
50,0.08,7107,code2,4,1.220326e+00
2,0.64,6489,code1,1,2.000000e-06
2,0.64,6489,code2,2,3.000000e-06
70,0.08,6930,code1,4,2.360410e+01
70,0.08,6930,code2,4,2.340780e+01
90,0.02,487,code1,3,6.073960e+00
90,0.02,487,code2,3,6.177523e+00
2,0.08,2405,code1,1,2.000000e-06
2,0.08,2405,code2,2,2.000000e-06
20,0.16,8321,code1,3,8.600000e-05
20,0.16,8321,code2,3,1.300000e-05
20,0.04,133,code1,2,6.800000e-05
20,0.04,133,code2,2,9.000000e-06
10,0.32,6573,code1,4,4.100000e-05
10,0.32,6573,code2,4,3.300000e-05
30,0.02,5840,code1,2,1.980000e-04
30,0.02,5840,code2,2,1.400000e-05
30,0.64,9806,code1,9,7.346056e+01
30,0.64,9806,code2,9,7.493090e+01
2,0.16,9806,code1,1,3.000000e-06
2,0.16,9806,code2,2,2.000000e-06
10,0.64,9544,code1,5,6.500000e-05
10,0.64,9544,code2,5,8.200000e-05
30,0.16,2405,code1,4,3.766000e-03
30,0.16,2405,code2,4,3.703000e-03
30,0.64,487,code1,9,4.837569e+01
30,0.64,487,code2,9,4.976419e+01
40,0.02,6573,code1,2,3.740000e-04
40,0.02,6573,code2,2,1.900000e-05
2,0.02,8321,code1,1,3.000000e-06
2,0.02,8321,code2,2,2.000000e-06
30,0.02,3749,code1,2,2.040000e-04
30,0.02,3749,code2,2,1.400000e-05
2,0.08,9806,code1,1,2.000000e-06
2,0.08,9806,code2,2,2.000000e-06
30,0.04,334,code1,2,2.050000e-04
30,0.04,334,code2,2,1.000000e-05
2,0.64,6757,code1,1,2.000000e-06
2,0.64,6757,code2,2,2.000000e-06
50,0.02,7107,code1,2,1.520000e-03
50,0.02,7107,code2,2,1.041000e-03
30,0.16,8105,code1,3,2.499700e-02
30,0.16,8105,code2,3,2.298300e-02
90,0.02,721,code1,3,2.524100e-02
90,0.02,721,code2,3,2.210300e-02
2,0.04,6757,code1,1,3.000000e-06
2,0.04,6757,code2,2,2.000000e-06
20,0.02,9544,code1,2,8.900000e-05
20,0.02,9544,code2,2,1.000000e-05
50,0.02,8105,code1,2,5.910000e-04
50,0.02,8105,code2,2,5.200000e-05
20,0.08,2275,code1,2,8.700000e-05
20,0.08,2275,code2,2,1.100000e-05
30,0.32,6573,code1,5,3.613000e-03
30,0.32,6573,code2,5,5.346000e-03
2,0.02,6930,code1,1,1.000000e-06
2,0.02,6930,code2,2,1.000000e-06
30,0.32,2783,code1,5,7.050500e-02
30,0.32,2783,code2,5,6.816500e-02
30,0.02,6930,code1,2,1.560000e-04
30,0.02,6930,code2,2,1.500000e-05
2,0.32,3749,code1,1,2.000000e-06
2,0.32,3749,code2,2,2.000000e-06
30,0.02,6757,code1,2,1.540000e-04
30,0.02,6757,code2,2,1.300000e-05
50,0.02,1278,code1,2,9.369758e+01
50,0.02,1278,code2,2,9.374724e+01
2,0.08,6757,code1,1,2.000000e-06
2,0.08,6757,code2,2,3.000000e-06
40,0.08,5855,code1,3,9.410000e-04
40,0.08,5855,code2,3,4.810000e-04
80,0.02,3401,code1,3,1.504646e+01
80,0.02,3401,code2,3,1.520634e+01
30,0.32,2275,code1,5,3.643600e-02
30,0.32,2275,code2,5,2.891800e-02
2,0.16,3401,code1,1,2.000000e-06
2,0.16,3401,code2,2,2.000000e-06
20,0.08,2405,code1,2,8.400000e-05
20,0.08,2405,code2,2,1.700000e-05
80,0.02,3705,code1,3,8.610143e+01
80,0.02,3705,code2,3,8.246008e+01
30,0.02,6194,code1,2,1.710000e-04
30,0.02,6194,code2,2,2.000000e-05
60,0.04,721,code1,3,5.488000e-03
60,0.04,721,code2,3,5.867000e-03
10,0.02,9665,code1,2,1.900000e-05
10,0.02,9665,code2,2,4.000000e-06
60,0.04,9806,code1,3,2.660600e-02
60,0.04,9806,code2,3,2.781200e-02
50,0.04,5840,code1,3,1.060180e-01
50,0.04,5840,code2,3,1.079360e-01
20,0.08,9665,code1,2,1.180000e-04
20,0.08,9665,code2,2,6.400000e-05
2,0.16,9544,code1,2,1.000000e-06
2,0.16,9544,code2,2,2.000000e-06
100,0.02,6194,code1,3,3.728126e+01
100,0.02,6194,code2,3,3.688462e+01
10,0.04,7215,code1,2,1.600000e-05
10,0.04,7215,code2,2,4.000000e-06
10,0.02,1278,code1,2,1.600000e-05
10,0.02,1278,code2,2,4.000000e-06
10,0.04,6194,code1,2,1.700000e-05
10,0.04,6194,code2,2,4.000000e-06
20,0.02,721,code1,2,6.800000e-05
20,0.02,721,code2,2,1.100000e-05
10,0.04,133,code1,2,2.000000e-05
10,0.04,133,code2,2,4.000000e-06
60,0.02,6489,code1,3,1.198724e+01
60,0.02,6489,code2,3,1.193760e+01
20,0.08,6726,code1,2,1.540000e-04
20,0.08,6726,code2,2,8.800000e-05
50,0.08,579,code1,3,1.419310e-01
50,0.08,579,code2,3,1.390760e-01
60,0.08,6930,code1,4,3.178962e+01
60,0.08,6930,code2,4,3.178333e+01
40,0.16,2405,code1,4,3.715800e-02
40,0.16,2405,code2,4,3.072200e-02
2,0.64,6194,code1,1,1.000000e-06
2,0.64,6194,code2,2,2.000000e-06
20,0.08,9806,code1,3,1.070000e-04
20,0.08,9806,code2,3,6.500000e-05
30,0.04,8321,code1,3,2.110000e-04
30,0.04,8321,code2,3,2.500000e-05
20,0.08,7107,code1,3,1.290000e-04
20,0.08,7107,code2,3,9.300000e-05
50,0.04,183,code1,3,1.324930e-01
50,0.04,183,code2,3,1.290050e-01
2,0.04,7107,code1,2,1.000000e-06
2,0.04,7107,code2,2,2.000000e-06
40,0.16,6930,code1,4,4.801700e-02
40,0.16,6930,code2,4,5.097600e-02
30,0.16,3749,code1,4,1.801200e-02
30,0.16,3749,code2,4,1.546200e-02
60,0.08,6757,code1,4,9.928338e+00
60,0.08,6757,code2,4,9.886773e+00
10,0.02,2783,code1,2,1.500000e-05
10,0.02,2783,code2,2,4.000000e-06
20,0.02,8321,code1,2,8.700000e-05
20,0.02,8321,code2,2,8.000000e-06
30,0.04,7107,code1,3,2.680000e-04
30,0.04,7107,code2,3,1.260000e-04
10,0.32,334,code1,3,4.200000e-05
10,0.32,334,code2,3,4.000000e-05
40,0.04,3648,code1,3,4.175000e-03
40,0.04,3648,code2,3,2.431000e-03
60,0.02,2405,code1,2,2.943000e-03
60,0.02,2405,code2,2,2.113000e-03
20,0.08,2783,code1,2,9.600000e-05
20,0.08,2783,code2,2,4.200000e-05
10,0.64,3749,code1,4,1.400000e-05
10,0.64,3749,code2,4,6.000000e-06
30,0.08,133,code1,3,2.705000e-03
30,0.08,133,code2,3,3.234000e-03
20,0.04,3749,code1,2,6.900000e-05
20,0.04,3749,code2,2,1.100000e-05
30,0.02,334,code1,2,1.680000e-04
30,0.02,334,code2,2,1.000000e-05
2,0.64,3705,code1,1,3.000000e-06
2,0.64,3705,code2,2,2.000000e-06
2,0.02,7215,code1,1,2.000000e-06
2,0.02,7215,code2,2,2.000000e-06
40,0.08,1278,code1,3,5.040000e-04
40,0.08,1278,code2,3,3.450000e-04
60,0.04,5840,code1,3,4.034610e-01
60,0.04,5840,code2,3,4.050910e-01
30,0.04,6194,code1,2,2.000000e-04
30,0.04,6194,code2,2,1.020000e-04
90,0.02,7215,code1,3,4.892923e+01
90,0.02,7215,code2,3,5.056787e+01
90,0.02,6573,code1,3,1.574390e-01
90,0.02,6573,code2,3,1.572330e-01
40,0.32,9806,code1,6,5.662474e+01
40,0.32,9806,code2,6,5.753497e+01
30,0.16,2783,code1,4,8.112000e-03
30,0.16,2783,code2,4,4.964000e-03
40,0.16,8105,code1,4,5.654200e-02
40,0.16,8105,code2,4,5.903500e-02
20,0.08,183,code1,3,9.200000e-05
20,0.08,183,code2,3,1.900000e-05
10,0.64,6489,code1,4,5.700000e-05
10,0.64,6489,code2,4,6.500000e-05
80,0.04,1278,code1,3,8.467565e+01
80,0.04,1278,code2,3,8.298519e+01
10,0.64,7215,code1,5,1.160000e-04
10,0.64,7215,code2,5,1.190000e-04
40,0.02,2783,code1,2,2.690000e-04
40,0.02,2783,code2,2,1.500000e-05
10,0.64,1278,code1,4,2.000000e-05
10,0.64,1278,code2,4,8.000000e-06
20,0.02,5840,code1,2,6.800000e-05
20,0.02,5840,code2,2,9.000000e-06
10,0.08,6573,code1,2,1.700000e-05
10,0.08,6573,code2,2,4.000000e-06
40,0.02,8321,code1,2,3.000000e-04
40,0.02,8321,code2,2,3.800000e-05
50,0.16,7107,code1,4,2.744263e+01
50,0.16,7107,code2,4,2.728874e+01
2,0.32,5855,code1,1,3.000000e-06
2,0.32,5855,code2,2,1.000000e-06
30,0.08,8321,code1,3,1.260000e-04
30,0.08,8321,code2,3,1.600000e-05
30,0.16,183,code1,4,1.863900e-02
30,0.16,183,code2,4,1.919700e-02
2,0.32,487,code1,1,2.000000e-06
2,0.32,487,code2,2,2.000000e-06
50,0.04,721,code1,3,2.568000e-03
50,0.04,721,code2,3,1.448000e-03
40,0.02,334,code1,2,4.720000e-04
40,0.02,334,code2,2,1.810000e-04
20,0.16,3749,code1,3,9.900000e-05
20,0.16,3749,code2,3,2.600000e-05
20,0.64,2783,code1,6,5.270000e-04
20,0.64,2783,code2,6,3.990000e-04
2,0.02,8105,code1,1,2.000000e-06
2,0.02,8105,code2,2,2.000000e-06
30,0.16,6930,code1,4,2.295100e-02
30,0.16,6930,code2,4,1.809800e-02
20,0.08,8105,code1,2,6.800000e-05
20,0.08,8105,code2,2,1.000000e-05
40,0.32,3401,code1,6,4.151331e+01
40,0.32,3401,code2,6,4.258958e+01
20,0.02,7215,code1,2,8.700000e-05
20,0.02,7215,code2,2,1.100000e-05
10,0.16,9806,code1,3,2.400000e-05
10,0.16,9806,code2,3,1.300000e-05
60,0.04,6489,code1,3,2.841050e-01
60,0.04,6489,code2,3,2.831960e-01
30,0.04,3401,code1,3,2.145500e-02
30,0.04,3401,code2,3,2.492100e-02
2,0.64,2405,code1,1,3.000000e-06
2,0.64,2405,code2,2,2.000000e-06
2,0.64,3401,code1,1,2.000000e-06
2,0.64,3401,code2,2,1.000000e-06
20,0.64,3749,code1,7,2.470300e-02
20,0.64,3749,code2,7,2.313300e-02
20,0.02,6726,code1,2,8.600000e-05
20,0.02,6726,code2,2,1.100000e-05
20,0.08,1278,code1,2,9.700000e-05
20,0.08,1278,code2,2,1.100000e-05
40,0.08,6489,code1,3,1.499000e-03
40,0.08,6489,code2,3,7.360000e-04
10,0.08,721,code1,2,1.600000e-05
10,0.08,721,code2,2,5.000000e-06
20,0.32,7215,code1,4,1.155000e-03
20,0.32,7215,code2,4,1.797000e-03
2,0.02,6489,code1,1,3.000000e-06
2,0.02,6489,code2,2,2.000000e-06
50,0.02,183,code1,2,1.274118e+00
50,0.02,183,code2,2,1.224730e+00
20,0.02,1278,code1,2,6.800000e-05
20,0.02,1278,code2,2,1.000000e-05
60,0.04,2275,code1,3,1.362680e-01
60,0.04,2275,code2,3,1.389330e-01
2,0.08,1278,code1,2,0.000000e+00
2,0.08,1278,code2,2,1.000000e-06
40,0.02,3705,code1,2,3.630000e-04
40,0.02,3705,code2,2,2.400000e-05
10,0.64,2783,code1,4,2.200000e-05
10,0.64,2783,code2,4,1.100000e-05
10,0.04,3401,code1,2,1.600000e-05
10,0.04,3401,code2,2,3.000000e-06
30,0.08,183,code1,3,2.200000e-04
30,0.08,183,code2,3,1.330000e-04
20,0.02,5855,code1,2,8.400000e-05
20,0.02,5855,code2,2,9.000000e-06
70,0.04,8321,code1,3,6.467476e+01
70,0.04,8321,code2,3,6.416471e+01
2,0.08,5855,code1,1,2.000000e-06
2,0.08,5855,code2,2,2.000000e-06
2,0.16,721,code1,2,0.000000e+00
2,0.16,721,code2,2,2.000000e-06
30,0.32,8321,code1,5,1.052900e-02
30,0.32,8321,code2,5,9.486000e-03
2,0.08,3705,code1,1,2.000000e-06
2,0.08,3705,code2,2,2.000000e-06
2,0.04,9665,code1,1,2.000000e-06
2,0.04,9665,code2,2,1.000000e-06
2,0.08,133,code1,1,1.000000e-06
2,0.08,133,code2,2,1.000000e-06
40,0.08,133,code1,3,3.074830e-01
40,0.08,133,code2,3,3.088660e-01
20,0.64,1278,code1,7,1.954500e-02
20,0.64,1278,code2,7,1.722900e-02
20,0.32,6726,code1,4,7.200000e-05
20,0.32,6726,code2,4,2.900000e-05
2,0.08,6726,code1,1,2.000000e-06
2,0.08,6726,code2,2,2.000000e-06
2,0.08,9665,code1,1,2.000000e-06
2,0.08,9665,code2,2,2.000000e-06
2,0.02,6726,code1,1,2.000000e-06
2,0.02,6726,code2,2,1.000000e-06
40,0.02,579,code1,2,3.680000e-04
40,0.02,579,code2,2,2.100000e-05
30,0.32,6930,code1,5,1.146940e-01
30,0.32,6930,code2,5,1.111390e-01
50,0.16,2275,code1,5,4.624225e+01
50,0.16,2275,code2,5,4.635716e+01
2,0.32,3648,code1,1,2.000000e-06
2,0.32,3648,code2,2,2.000000e-06
20,0.08,6194,code1,3,1.070000e-04
20,0.08,6194,code2,3,3.300000e-05
70,0.08,183,code1,4,5.303836e+01
70,0.08,183,code2,4,5.199220e+01
10,0.32,9544,code1,4,6.100000e-05
10,0.32,9544,code2,4,5.400000e-05
20,0.32,5840,code1,4,7.500000e-05
20,0.32,5840,code2,4,2.000000e-05
40,0.32,183,code1,6,8.112326e+01
40,0.32,183,code2,6,8.177013e+01
60,0.08,9665,code1,3,3.690070e-01
60,0.08,9665,code2,3,3.663680e-01
10,0.08,133,code1,2,2.000000e-05
10,0.08,133,code2,2,5.000000e-06
60,0.08,133,code1,4,3.899141e+00
60,0.08,133,code2,4,3.868432e+00
