group1,group2,meandiff,p-adj,lower,upper,reject
code1:100:0.02,code1:10:0.02,-20.0094,0.0019,-36.7331,-3.2857,True
code1:100:0.02,code1:10:0.34,-20.0094,0.0019,-36.7331,-3.2857,True
code1:100:0.02,code1:10:0.5,-20.0094,0.0019,-36.7331,-3.2857,True
code1:100:0.02,code1:10:0.58,-20.0094,0.0019,-36.7331,-3.2857,True
code1:100:0.02,code1:10:0.62,-20.0094,0.0019,-36.7331,-3.2857,True
code1:100:0.02,code1:10:0.64,-20.0093,0.0019,-36.733,-3.2856,True
code1:100:0.02,code1:20:0.02,-20.0089,0.0019,-36.7326,-3.2852,True
code1:100:0.02,code1:20:0.34,-20.0061,0.0019,-36.7298,-3.2824,True
code1:100:0.02,code1:20:0.5,-19.9425,0.002,-36.6661,-3.2188,True
code1:100:0.02,code1:20:0.58,-19.9542,0.002,-36.6779,-3.2305,True
code1:100:0.02,code1:20:0.62,-19.8037,0.0024,-36.5274,-3.08,True
code1:100:0.02,code1:20:0.64,-19.9262,0.0021,-36.6499,-3.2025,True
code1:100:0.02,code1:30:0.02,-19.9852,0.0019,-36.7089,-3.2615,True
code1:100:0.02,code1:30:0.34,-19.3351,0.004,-36.0588,-2.6114,True
code1:100:0.02,code1:30:0.5,-8.5689,0.9,-25.5868,8.4491,False
code1:100:0.02,code1:30:0.58,4.9814,0.9,-12.5498,22.5126,False
code1:100:0.02,code1:30:0.62,-2.1317,0.9,-20.9318,16.6685,False
code1:100:0.02,code1:30:0.64,11.0691,0.9,-8.0119,30.15,False
code1:100:0.02,code1:40:0.02,-19.9005,0.0021,-36.6242,-3.1768,True
code1:100:0.02,code1:40:0.34,-7.725,0.9,-25.6891,10.2391,False
code1:100:0.02,code1:40:0.5,26.9181,0.5179,-7.4805,61.3168,False
code1:100:0.02,code1:50:0.02,-17.3616,0.0304,-34.1517,-0.5715,True
code1:100:0.02,code1:60:0.02,-16.1321,0.0866,-32.9222,0.658,False
code1:100:0.02,code1:70:0.02,-7.7777,0.9,-25.917,10.3617,False
code1:100:0.02,code1:80:0.02,-2.5151,0.9,-22.7331,17.7028,False
code1:100:0.02,code1:90:0.02,15.235,0.5105,-4.1685,34.6384,False
code1:100:0.02,code2:100:0.02,-9.702,0.9,-32.8936,13.4895,False
code1:100:0.02,code2:10:0.02,-20.0094,0.0019,-36.7331,-3.2857,True
code1:100:0.02,code2:10:0.34,-20.0094,0.0019,-36.7331,-3.2857,True
code1:100:0.02,code2:10:0.5,-20.0094,0.0019,-36.7331,-3.2857,True
code1:100:0.02,code2:10:0.58,-20.0094,0.0019,-36.7331,-3.2857,True
code1:100:0.02,code2:10:0.62,-20.0093,0.0019,-36.733,-3.2856,True
code1:100:0.02,code2:10:0.64,-20.0093,0.0019,-36.733,-3.2857,True
code1:100:0.02,code2:20:0.02,-20.0093,0.0019,-36.733,-3.2856,True
code1:100:0.02,code2:20:0.34,-20.0072,0.0019,-36.7309,-3.2836,True
code1:100:0.02,code2:20:0.5,-19.9888,0.0019,-36.7125,-3.2651,True
code1:100:0.02,code2:20:0.58,-19.9345,0.002,-36.6582,-3.2108,True
code1:100:0.02,code2:20:0.62,-19.7617,0.0025,-36.4854,-3.0381,True
code1:100:0.02,code2:20:0.64,-19.7253,0.0026,-36.449,-3.0016,True
code1:100:0.02,code2:30:0.02,-20.0026,0.0019,-36.7263,-3.279,True
code1:100:0.02,code2:30:0.34,-19.4502,0.0035,-36.1739,-2.7265,True
code1:100:0.02,code2:30:0.5,-11.0308,0.8955,-28.0487,5.9872,False
code1:100:0.02,code2:30:0.58,-4.9821,0.9,-22.1815,12.2172,False
code1:100:0.02,code2:30:0.62,2.9319,0.9,-15.8682,21.732,False
code1:100:0.02,code2:30:0.64,23.1943,0.0046,2.9764,43.4123,True
code1:100:0.02,code2:40:0.02,-19.8956,0.0021,-36.6193,-3.1719,True
code1:100:0.02,code2:40:0.34,6.6213,0.9,-11.5181,24.7606,False
code1:100:0.02,code2:50:0.02,-13.3985,0.4734,-30.1886,3.3916,False
code1:100:0.02,code2:60:0.02,-8.5635,0.9,-25.4244,8.2975,False
code1:100:0.02,code2:70:0.02,-12.0967,0.778,-29.6279,5.4345,False
code1:100:0.02,code2:80:0.02,-6.4012,0.9,-27.1444,14.342,False
code1:100:0.02,code2:90:0.02,-2.5126,0.9,-23.8942,18.869,False
code1:10:0.02,code1:10:0.34,0.0,0.9,-11.3615,11.3615,False
code1:10:0.02,code1:10:0.5,0.0,0.9,-11.3615,11.3615,False
code1:10:0.02,code1:10:0.58,0.0,0.9,-11.3615,11.3615,False
code1:10:0.02,code1:10:0.62,0.0,0.9,-11.3615,11.3616,False
code1:10:0.02,code1:10:0.64,0.0001,0.9,-11.3614,11.3616,False
code1:10:0.02,code1:20:0.02,0.0005,0.9,-11.361,11.362,False
code1:10:0.02,code1:20:0.34,0.0033,0.9,-11.3582,11.3648,False
code1:10:0.02,code1:20:0.5,0.067,0.9,-11.2945,11.4285,False
code1:10:0.02,code1:20:0.58,0.0552,0.9,-11.3063,11.4167,False
code1:10:0.02,code1:20:0.62,0.2057,0.9,-11.1558,11.5672,False
code1:10:0.02,code1:20:0.64,0.0833,0.9,-11.2783,11.4448,False
code1:10:0.02,code1:30:0.02,0.0242,0.9,-11.3373,11.3858,False
code1:10:0.02,code1:30:0.34,0.6743,0.9,-10.6872,12.0358,False
code1:10:0.02,code1:30:0.5,11.4405,0.0765,-0.3499,23.2309,False
code1:10:0.02,code1:30:0.58,24.9908,0.001,12.471,37.5106,True
code1:10:0.02,code1:30:0.62,17.8778,0.001,3.6354,32.1202,True
code1:10:0.02,code1:30:0.64,31.0785,0.001,16.4674,45.6896,True
code1:10:0.02,code1:40:0.02,0.1089,0.9,-11.2526,11.4704,False
code1:10:0.02,code1:40:0.34,12.2844,0.1182,-0.8347,25.4036,False
code1:10:0.02,code1:40:0.5,46.9276,0.001,14.7924,79.0628,True
code1:10:0.02,code1:50:0.02,2.6478,0.9,-8.8112,14.1068,False
code1:10:0.02,code1:60:0.02,3.8774,0.9,-7.5817,15.3364,False
code1:10:0.02,code1:70:0.02,12.2318,0.1504,-1.1264,25.5899,False
code1:10:0.02,code1:80:0.02,17.4943,0.0127,1.4267,33.5619,True
code1:10:0.02,code1:90:0.02,35.2444,0.001,20.2145,50.2743,True
code1:10:0.02,code2:100:0.02,10.3074,0.9,-9.3713,29.9861,False
code1:10:0.02,code2:10:0.02,-0.0,0.9,-11.3615,11.3615,False
code1:10:0.02,code2:10:0.34,-0.0,0.9,-11.3615,11.3615,False
code1:10:0.02,code2:10:0.5,0.0,0.9,-11.3615,11.3615,False
code1:10:0.02,code2:10:0.58,0.0,0.9,-11.3615,11.3615,False
code1:10:0.02,code2:10:0.62,0.0001,0.9,-11.3614,11.3616,False
code1:10:0.02,code2:10:0.64,0.0001,0.9,-11.3614,11.3616,False
code1:10:0.02,code2:20:0.02,0.0001,0.9,-11.3614,11.3616,False
code1:10:0.02,code2:20:0.34,0.0022,0.9,-11.3593,11.3637,False
code1:10:0.02,code2:20:0.5,0.0206,0.9,-11.3409,11.3821,False
code1:10:0.02,code2:20:0.58,0.0749,0.9,-11.2866,11.4364,False
code1:10:0.02,code2:20:0.62,0.2477,0.9,-11.1138,11.6092,False
code1:10:0.02,code2:20:0.64,0.2842,0.9,-11.0773,11.6457,False
code1:10:0.02,code2:30:0.02,0.0068,0.9,-11.3547,11.3683,False
code1:10:0.02,code2:30:0.34,0.5593,0.9,-10.8023,11.9208,False
code1:10:0.02,code2:30:0.5,8.9787,0.5769,-2.8117,20.769,False
code1:10:0.02,code2:30:0.58,15.0273,0.001,2.9766,27.078,True
code1:10:0.02,code2:30:0.62,22.9414,0.001,8.6989,37.1838,True
code1:10:0.02,code2:30:0.64,43.2037,0.001,27.1361,59.2713,True
code1:10:0.02,code2:40:0.02,0.1138,0.9,-11.2477,11.4753,False
code1:10:0.02,code2:40:0.34,26.6307,0.001,13.2725,39.9888,True
code1:10:0.02,code2:50:0.02,6.6109,0.9,-4.8482,18.0699,False
code1:10:0.02,code2:60:0.02,11.4459,0.058,-0.1167,23.0085,False
code1:10:0.02,code2:70:0.02,7.9127,0.9,-4.607,20.4325,False
code1:10:0.02,code2:80:0.02,13.6082,0.4221,-3.1155,30.3319,False
code1:10:0.02,code2:90:0.02,17.4968,0.0505,-0.0124,35.0061,False
code1:10:0.34,code1:10:0.5,0.0,0.9,-11.3615,11.3615,False
code1:10:0.34,code1:10:0.58,0.0,0.9,-11.3615,11.3615,False
code1:10:0.34,code1:10:0.62,0.0,0.9,-11.3615,11.3616,False
code1:10:0.34,code1:10:0.64,0.0001,0.9,-11.3614,11.3616,False
code1:10:0.34,code1:20:0.02,0.0005,0.9,-11.361,11.362,False
code1:10:0.34,code1:20:0.34,0.0033,0.9,-11.3582,11.3648,False
code1:10:0.34,code1:20:0.5,0.067,0.9,-11.2945,11.4285,False
code1:10:0.34,code1:20:0.58,0.0552,0.9,-11.3063,11.4167,False
code1:10:0.34,code1:20:0.62,0.2057,0.9,-11.1558,11.5672,False
code1:10:0.34,code1:20:0.64,0.0833,0.9,-11.2783,11.4448,False
code1:10:0.34,code1:30:0.02,0.0242,0.9,-11.3373,11.3858,False
code1:10:0.34,code1:30:0.34,0.6743,0.9,-10.6872,12.0358,False
code1:10:0.34,code1:30:0.5,11.4405,0.0765,-0.3499,23.2309,False
code1:10:0.34,code1:30:0.58,24.9908,0.001,12.471,37.5106,True
code1:10:0.34,code1:30:0.62,17.8778,0.001,3.6354,32.1202,True
code1:10:0.34,code1:30:0.64,31.0785,0.001,16.4674,45.6896,True
code1:10:0.34,code1:40:0.02,0.1089,0.9,-11.2526,11.4704,False
code1:10:0.34,code1:40:0.34,12.2844,0.1182,-0.8347,25.4036,False
code1:10:0.34,code1:40:0.5,46.9276,0.001,14.7923,79.0628,True
code1:10:0.34,code1:50:0.02,2.6478,0.9,-8.8112,14.1068,False
code1:10:0.34,code1:60:0.02,3.8773,0.9,-7.5817,15.3364,False
code1:10:0.34,code1:70:0.02,12.2318,0.1504,-1.1264,25.5899,False
code1:10:0.34,code1:80:0.02,17.4943,0.0127,1.4267,33.5619,True
code1:10:0.34,code1:90:0.02,35.2444,0.001,20.2145,50.2743,True
code1:10:0.34,code2:100:0.02,10.3074,0.9,-9.3713,29.9861,False
code1:10:0.34,code2:10:0.02,-0.0,0.9,-11.3615,11.3615,False
code1:10:0.34,code2:10:0.34,-0.0,0.9,-11.3615,11.3615,False
code1:10:0.34,code2:10:0.5,0.0,0.9,-11.3615,11.3615,False
code1:10:0.34,code2:10:0.58,0.0,0.9,-11.3615,11.3615,False
code1:10:0.34,code2:10:0.62,0.0001,0.9,-11.3614,11.3616,False
code1:10:0.34,code2:10:0.64,0.0001,0.9,-11.3614,11.3616,False
code1:10:0.34,code2:20:0.02,0.0001,0.9,-11.3614,11.3616,False
code1:10:0.34,code2:20:0.34,0.0022,0.9,-11.3593,11.3637,False
code1:10:0.34,code2:20:0.5,0.0206,0.9,-11.3409,11.3821,False
code1:10:0.34,code2:20:0.58,0.0749,0.9,-11.2866,11.4364,False
code1:10:0.34,code2:20:0.62,0.2477,0.9,-11.1138,11.6092,False
code1:10:0.34,code2:20:0.64,0.2842,0.9,-11.0774,11.6457,False
code1:10:0.34,code2:30:0.02,0.0068,0.9,-11.3547,11.3683,False
code1:10:0.34,code2:30:0.34,0.5592,0.9,-10.8023,11.9208,False
code1:10:0.34,code2:30:0.5,8.9786,0.5769,-2.8117,20.769,False
code1:10:0.34,code2:30:0.58,15.0273,0.001,2.9766,27.078,True
code1:10:0.34,code2:30:0.62,22.9413,0.001,8.6989,37.1838,True
code1:10:0.34,code2:30:0.64,43.2037,0.001,27.1361,59.2713,True
code1:10:0.34,code2:40:0.02,0.1138,0.9,-11.2477,11.4753,False
code1:10:0.34,code2:40:0.34,26.6307,0.001,13.2725,39.9888,True
code1:10:0.34,code2:50:0.02,6.6109,0.9,-4.8482,18.0699,False
code1:10:0.34,code2:60:0.02,11.4459,0.058,-0.1167,23.0085,False
code1:10:0.34,code2:70:0.02,7.9127,0.9,-4.607,20.4325,False
code1:10:0.34,code2:80:0.02,13.6082,0.4221,-3.1155,30.3319,False
code1:10:0.34,code2:90:0.02,17.4968,0.0505,-0.0124,35.0061,False
code1:10:0.5,code1:10:0.58,0.0,0.9,-11.3615,11.3615,False
code1:10:0.5,code1:10:0.62,0.0,0.9,-11.3615,11.3615,False
code1:10:0.5,code1:10:0.64,0.0001,0.9,-11.3615,11.3616,False
code1:10:0.5,code1:20:0.02,0.0005,0.9,-11.361,11.362,False
code1:10:0.5,code1:20:0.34,0.0033,0.9,-11.3582,11.3648,False
code1:10:0.5,code1:20:0.5,0.0669,0.9,-11.2946,11.4284,False
code1:10:0.5,code1:20:0.58,0.0552,0.9,-11.3063,11.4167,False
code1:10:0.5,code1:20:0.62,0.2057,0.9,-11.1558,11.5672,False
code1:10:0.5,code1:20:0.64,0.0832,0.9,-11.2783,11.4447,False
code1:10:0.5,code1:30:0.02,0.0242,0.9,-11.3373,11.3857,False
code1:10:0.5,code1:30:0.34,0.6743,0.9,-10.6872,12.0358,False
code1:10:0.5,code1:30:0.5,11.4405,0.0765,-0.3499,23.2309,False
code1:10:0.5,code1:30:0.58,24.9908,0.001,12.471,37.5106,True
code1:10:0.5,code1:30:0.62,17.8777,0.001,3.6353,32.1201,True
code1:10:0.5,code1:30:0.64,31.0785,0.001,16.4673,45.6896,True
code1:10:0.5,code1:40:0.02,0.1089,0.9,-11.2526,11.4704,False
code1:10:0.5,code1:40:0.34,12.2844,0.1182,-0.8347,25.4036,False
code1:10:0.5,code1:40:0.5,46.9275,0.001,14.7923,79.0627,True
code1:10:0.5,code1:50:0.02,2.6478,0.9,-8.8113,14.1068,False
code1:10:0.5,code1:60:0.02,3.8773,0.9,-7.5817,15.3364,False
code1:10:0.5,code1:70:0.02,12.2317,0.1504,-1.1264,25.5899,False
code1:10:0.5,code1:80:0.02,17.4943,0.0127,1.4267,33.5619,True
code1:10:0.5,code1:90:0.02,35.2444,0.001,20.2145,50.2742,True
code1:10:0.5,code2:100:0.02,10.3073,0.9,-9.3714,29.9861,False
code1:10:0.5,code2:10:0.02,-0.0,0.9,-11.3616,11.3615,False
code1:10:0.5,code2:10:0.34,-0.0,0.9,-11.3615,11.3615,False
code1:10:0.5,code2:10:0.5,-0.0,0.9,-11.3615,11.3615,False
code1:10:0.5,code2:10:0.58,-0.0,0.9,-11.3615,11.3615,False
code1:10:0.5,code2:10:0.62,0.0001,0.9,-11.3615,11.3616,False
code1:10:0.5,code2:10:0.64,0.0,0.9,-11.3615,11.3616,False
code1:10:0.5,code2:20:0.02,0.0001,0.9,-11.3614,11.3616,False
code1:10:0.5,code2:20:0.34,0.0021,0.9,-11.3594,11.3637,False
code1:10:0.5,code2:20:0.5,0.0206,0.9,-11.341,11.3821,False
code1:10:0.5,code2:20:0.58,0.0749,0.9,-11.2866,11.4364,False
code1:10:0.5,code2:20:0.62,0.2476,0.9,-11.1139,11.6092,False
code1:10:0.5,code2:20:0.64,0.2841,0.9,-11.0774,11.6456,False
code1:10:0.5,code2:30:0.02,0.0067,0.9,-11.3548,11.3683,False
code1:10:0.5,code2:30:0.34,0.5592,0.9,-10.8023,11.9207,False
code1:10:0.5,code2:30:0.5,8.9786,0.577,-2.8118,20.769,False
code1:10:0.5,code2:30:0.58,15.0272,0.001,2.9765,27.0779,True
code1:10:0.5,code2:30:0.62,22.9413,0.001,8.6989,37.1837,True
code1:10:0.5,code2:30:0.64,43.2037,0.001,27.1361,59.2713,True
code1:10:0.5,code2:40:0.02,0.1138,0.9,-11.2478,11.4753,False
code1:10:0.5,code2:40:0.34,26.6306,0.001,13.2725,39.9888,True
code1:10:0.5,code2:50:0.02,6.6108,0.9,-4.8482,18.0699,False
code1:10:0.5,code2:60:0.02,11.4459,0.058,-0.1167,23.0085,False
code1:10:0.5,code2:70:0.02,7.9127,0.9,-4.6071,20.4325,False
code1:10:0.5,code2:80:0.02,13.6082,0.4221,-3.1155,30.3319,False
code1:10:0.5,code2:90:0.02,17.4968,0.0505,-0.0125,35.0061,False
code1:10:0.58,code1:10:0.62,0.0,0.9,-11.3615,11.3615,False
code1:10:0.58,code1:10:0.64,0.0001,0.9,-11.3615,11.3616,False
code1:10:0.58,code1:20:0.02,0.0005,0.9,-11.361,11.362,False
code1:10:0.58,code1:20:0.34,0.0033,0.9,-11.3582,11.3648,False
code1:10:0.58,code1:20:0.5,0.0669,0.9,-11.2946,11.4284,False
code1:10:0.58,code1:20:0.58,0.0552,0.9,-11.3064,11.4167,False
code1:10:0.58,code1:20:0.62,0.2057,0.9,-11.1558,11.5672,False
code1:10:0.58,code1:20:0.64,0.0832,0.9,-11.2783,11.4447,False
code1:10:0.58,code1:30:0.02,0.0242,0.9,-11.3373,11.3857,False
code1:10:0.58,code1:30:0.34,0.6743,0.9,-10.6872,12.0358,False
code1:10:0.58,code1:30:0.5,11.4405,0.0765,-0.3499,23.2309,False
code1:10:0.58,code1:30:0.58,24.9908,0.001,12.471,37.5106,True
code1:10:0.58,code1:30:0.62,17.8777,0.001,3.6353,32.1201,True
code1:10:0.58,code1:30:0.64,31.0785,0.001,16.4673,45.6896,True
code1:10:0.58,code1:40:0.02,0.1089,0.9,-11.2526,11.4704,False
code1:10:0.58,code1:40:0.34,12.2844,0.1182,-0.8347,25.4036,False
code1:10:0.58,code1:40:0.5,46.9275,0.001,14.7923,79.0627,True
code1:10:0.58,code1:50:0.02,2.6478,0.9,-8.8113,14.1068,False
code1:10:0.58,code1:60:0.02,3.8773,0.9,-7.5817,15.3364,False
code1:10:0.58,code1:70:0.02,12.2317,0.1504,-1.1264,25.5899,False
code1:10:0.58,code1:80:0.02,17.4943,0.0127,1.4267,33.5619,True
code1:10:0.58,code1:90:0.02,35.2444,0.001,20.2145,50.2742,True
code1:10:0.58,code2:100:0.02,10.3073,0.9,-9.3714,29.9861,False
code1:10:0.58,code2:10:0.02,-0.0,0.9,-11.3616,11.3615,False
code1:10:0.58,code2:10:0.34,-0.0,0.9,-11.3615,11.3615,False
code1:10:0.58,code2:10:0.5,-0.0,0.9,-11.3615,11.3615,False
code1:10:0.58,code2:10:0.58,-0.0,0.9,-11.3615,11.3615,False
code1:10:0.58,code2:10:0.62,0.0001,0.9,-11.3615,11.3616,False
code1:10:0.58,code2:10:0.64,0.0,0.9,-11.3615,11.3616,False
code1:10:0.58,code2:20:0.02,0.0001,0.9,-11.3614,11.3616,False
code1:10:0.58,code2:20:0.34,0.0021,0.9,-11.3594,11.3637,False
code1:10:0.58,code2:20:0.5,0.0206,0.9,-11.341,11.3821,False
code1:10:0.58,code2:20:0.58,0.0749,0.9,-11.2866,11.4364,False
code1:10:0.58,code2:20:0.62,0.2476,0.9,-11.1139,11.6092,False
code1:10:0.58,code2:20:0.64,0.2841,0.9,-11.0774,11.6456,False
code1:10:0.58,code2:30:0.02,0.0067,0.9,-11.3548,11.3683,False
code1:10:0.58,code2:30:0.34,0.5592,0.9,-10.8023,11.9207,False
code1:10:0.58,code2:30:0.5,8.9786,0.577,-2.8118,20.769,False
code1:10:0.58,code2:30:0.58,15.0272,0.001,2.9765,27.0779,True
code1:10:0.58,code2:30:0.62,22.9413,0.001,8.6989,37.1837,True
code1:10:0.58,code2:30:0.64,43.2037,0.001,27.1361,59.2713,True
code1:10:0.58,code2:40:0.02,0.1137,0.9,-11.2478,11.4753,False
code1:10:0.58,code2:40:0.34,26.6306,0.001,13.2725,39.9888,True
code1:10:0.58,code2:50:0.02,6.6108,0.9,-4.8482,18.0699,False
code1:10:0.58,code2:60:0.02,11.4459,0.058,-0.1167,23.0085,False
code1:10:0.58,code2:70:0.02,7.9127,0.9,-4.6071,20.4325,False
code1:10:0.58,code2:80:0.02,13.6082,0.4221,-3.1155,30.3319,False
code1:10:0.58,code2:90:0.02,17.4968,0.0505,-0.0125,35.0061,False
code1:10:0.62,code1:10:0.64,0.0,0.9,-11.3615,11.3616,False
code1:10:0.62,code1:20:0.02,0.0005,0.9,-11.361,11.362,False
code1:10:0.62,code1:20:0.34,0.0032,0.9,-11.3583,11.3648,False
code1:10:0.62,code1:20:0.5,0.0669,0.9,-11.2946,11.4284,False
code1:10:0.62,code1:20:0.58,0.0551,0.9,-11.3064,11.4167,False
code1:10:0.62,code1:20:0.62,0.2057,0.9,-11.1558,11.5672,False
code1:10:0.62,code1:20:0.64,0.0832,0.9,-11.2783,11.4447,False
code1:10:0.62,code1:30:0.02,0.0242,0.9,-11.3373,11.3857,False
code1:10:0.62,code1:30:0.34,0.6743,0.9,-10.6873,12.0358,False
code1:10:0.62,code1:30:0.5,11.4405,0.0765,-0.3499,23.2309,False
code1:10:0.62,code1:30:0.58,24.9908,0.001,12.471,37.5105,True
code1:10:0.62,code1:30:0.62,17.8777,0.001,3.6353,32.1201,True
code1:10:0.62,code1:30:0.64,31.0784,0.001,16.4673,45.6896,True
code1:10:0.62,code1:40:0.02,0.1089,0.9,-11.2526,11.4704,False
code1:10:0.62,code1:40:0.34,12.2844,0.1182,-0.8347,25.4035,False
code1:10:0.62,code1:40:0.5,46.9275,0.001,14.7923,79.0627,True
code1:10:0.62,code1:50:0.02,2.6478,0.9,-8.8113,14.1068,False
code1:10:0.62,code1:60:0.02,3.8773,0.9,-7.5817,15.3363,False
code1:10:0.62,code1:70:0.02,12.2317,0.1504,-1.1264,25.5898,False
code1:10:0.62,code1:80:0.02,17.4943,0.0127,1.4267,33.5619,True
code1:10:0.62,code1:90:0.02,35.2443,0.001,20.2145,50.2742,True
code1:10:0.62,code2:100:0.02,10.3073,0.9,-9.3714,29.986,False
code1:10:0.62,code2:10:0.02,-0.0001,0.9,-11.3616,11.3615,False
code1:10:0.62,code2:10:0.34,-0.0,0.9,-11.3616,11.3615,False
code1:10:0.62,code2:10:0.5,-0.0,0.9,-11.3615,11.3615,False
code1:10:0.62,code2:10:0.58,-0.0,0.9,-11.3615,11.3615,False
code1:10:0.62,code2:10:0.62,0.0,0.9,-11.3615,11.3615,False
code1:10:0.62,code2:10:0.64,0.0,0.9,-11.3615,11.3615,False
code1:10:0.62,code2:20:0.02,0.0001,0.9,-11.3614,11.3616,False
code1:10:0.62,code2:20:0.34,0.0021,0.9,-11.3594,11.3636,False
code1:10:0.62,code2:20:0.5,0.0205,0.9,-11.341,11.3821,False
code1:10:0.62,code2:20:0.58,0.0749,0.9,-11.2866,11.4364,False
code1:10:0.62,code2:20:0.62,0.2476,0.9,-11.1139,11.6091,False
code1:10:0.62,code2:20:0.64,0.2841,0.9,-11.0774,11.6456,False
code1:10:0.62,code2:30:0.02,0.0067,0.9,-11.3548,11.3682,False
code1:10:0.62,code2:30:0.34,0.5592,0.9,-10.8023,11.9207,False
code1:10:0.62,code2:30:0.5,8.9786,0.577,-2.8118,20.769,False
code1:10:0.62,code2:30:0.58,15.0272,0.001,2.9765,27.0779,True
code1:10:0.62,code2:30:0.62,22.9413,0.001,8.6989,37.1837,True
code1:10:0.62,code2:30:0.64,43.2037,0.001,27.1361,59.2713,True
code1:10:0.62,code2:40:0.02,0.1137,0.9,-11.2478,11.4752,False
code1:10:0.62,code2:40:0.34,26.6306,0.001,13.2725,39.9888,True
code1:10:0.62,code2:50:0.02,6.6108,0.9,-4.8482,18.0699,False
code1:10:0.62,code2:60:0.02,11.4459,0.058,-0.1167,23.0085,False
code1:10:0.62,code2:70:0.02,7.9127,0.9,-4.6071,20.4325,False
code1:10:0.62,code2:80:0.02,13.6082,0.4221,-3.1155,30.3319,False
code1:10:0.62,code2:90:0.02,17.4968,0.0505,-0.0125,35.0061,False
code1:10:0.64,code1:20:0.02,0.0004,0.9,-11.3611,11.3619,False
code1:10:0.64,code1:20:0.34,0.0032,0.9,-11.3583,11.3647,False
code1:10:0.64,code1:20:0.5,0.0669,0.9,-11.2946,11.4284,False
code1:10:0.64,code1:20:0.58,0.0551,0.9,-11.3064,11.4166,False
code1:10:0.64,code1:20:0.62,0.2056,0.9,-11.1559,11.5672,False
code1:10:0.64,code1:20:0.64,0.0832,0.9,-11.2783,11.4447,False
code1:10:0.64,code1:30:0.02,0.0242,0.9,-11.3374,11.3857,False
code1:10:0.64,code1:30:0.34,0.6742,0.9,-10.6873,12.0357,False
code1:10:0.64,code1:30:0.5,11.4405,0.0765,-0.3499,23.2309,False
code1:10:0.64,code1:30:0.58,24.9907,0.001,12.4709,37.5105,True
code1:10:0.64,code1:30:0.62,17.8777,0.001,3.6353,32.1201,True
code1:10:0.64,code1:30:0.64,31.0784,0.001,16.4673,45.6895,True
code1:10:0.64,code1:40:0.02,0.1088,0.9,-11.2527,11.4703,False
code1:10:0.64,code1:40:0.34,12.2844,0.1182,-0.8348,25.4035,False
code1:10:0.64,code1:40:0.5,46.9275,0.001,14.7923,79.0627,True
code1:10:0.64,code1:50:0.02,2.6477,0.9,-8.8113,14.1068,False
code1:10:0.64,code1:60:0.02,3.8773,0.9,-7.5818,15.3363,False
code1:10:0.64,code1:70:0.02,12.2317,0.1504,-1.1264,25.5898,False
code1:10:0.64,code1:80:0.02,17.4942,0.0127,1.4266,33.5618,True
code1:10:0.64,code1:90:0.02,35.2443,0.001,20.2144,50.2742,True
code1:10:0.64,code2:100:0.02,10.3073,0.9,-9.3714,29.986,False
code1:10:0.64,code2:10:0.02,-0.0001,0.9,-11.3616,11.3614,False
code1:10:0.64,code2:10:0.34,-0.0001,0.9,-11.3616,11.3614,False
code1:10:0.64,code2:10:0.5,-0.0001,0.9,-11.3616,11.3614,False
code1:10:0.64,code2:10:0.58,-0.0001,0.9,-11.3616,11.3614,False
code1:10:0.64,code2:10:0.62,-0.0,0.9,-11.3615,11.3615,False
code1:10:0.64,code2:10:0.64,-0.0,0.9,-11.3615,11.3615,False
code1:10:0.64,code2:20:0.02,0.0,0.9,-11.3615,11.3615,False
code1:10:0.64,code2:20:0.34,0.0021,0.9,-11.3594,11.3636,False
code1:10:0.64,code2:20:0.5,0.0205,0.9,-11.341,11.382,False
code1:10:0.64,code2:20:0.58,0.0748,0.9,-11.2867,11.4363,False
code1:10:0.64,code2:20:0.62,0.2476,0.9,-11.1139,11.6091,False
code1:10:0.64,code2:20:0.64,0.2841,0.9,-11.0774,11.6456,False
code1:10:0.64,code2:30:0.02,0.0067,0.9,-11.3548,11.3682,False
code1:10:0.64,code2:30:0.34,0.5592,0.9,-10.8023,11.9207,False
code1:10:0.64,code2:30:0.5,8.9786,0.577,-2.8118,20.769,False
code1:10:0.64,code2:30:0.58,15.0272,0.001,2.9765,27.0779,True
code1:10:0.64,code2:30:0.62,22.9413,0.001,8.6989,37.1837,True
code1:10:0.64,code2:30:0.64,43.2036,0.001,27.136,59.2712,True
code1:10:0.64,code2:40:0.02,0.1137,0.9,-11.2478,11.4752,False
code1:10:0.64,code2:40:0.34,26.6306,0.001,13.2725,39.9887,True
code1:10:0.64,code2:50:0.02,6.6108,0.9,-4.8482,18.0698,False
code1:10:0.64,code2:60:0.02,11.4458,0.058,-0.1168,23.0085,False
code1:10:0.64,code2:70:0.02,7.9126,0.9,-4.6071,20.4324,False
code1:10:0.64,code2:80:0.02,13.6081,0.4221,-3.1156,30.3318,False
code1:10:0.64,code2:90:0.02,17.4968,0.0505,-0.0125,35.006,False
code1:20:0.02,code1:20:0.34,0.0028,0.9,-11.3587,11.3643,False
code1:20:0.02,code1:20:0.5,0.0665,0.9,-11.2951,11.428,False
code1:20:0.02,code1:20:0.58,0.0547,0.9,-11.3068,11.4162,False
code1:20:0.02,code1:20:0.62,0.2052,0.9,-11.1563,11.5667,False
code1:20:0.02,code1:20:0.64,0.0827,0.9,-11.2788,11.4443,False
code1:20:0.02,code1:30:0.02,0.0237,0.9,-11.3378,11.3852,False
code1:20:0.02,code1:30:0.34,0.6738,0.9,-10.6877,12.0353,False
code1:20:0.02,code1:30:0.5,11.44,0.0765,-0.3504,23.2304,False
code1:20:0.02,code1:30:0.58,24.9903,0.001,12.4705,37.5101,True
code1:20:0.02,code1:30:0.62,17.8772,0.001,3.6348,32.1197,True
code1:20:0.02,code1:30:0.64,31.078,0.001,16.4669,45.6891,True
code1:20:0.02,code1:40:0.02,0.1084,0.9,-11.2531,11.4699,False
code1:20:0.02,code1:40:0.34,12.2839,0.1182,-0.8352,25.4031,False
code1:20:0.02,code1:40:0.5,46.927,0.001,14.7918,79.0622,True
code1:20:0.02,code1:50:0.02,2.6473,0.9,-8.8117,14.1063,False
code1:20:0.02,code1:60:0.02,3.8768,0.9,-7.5822,15.3359,False
code1:20:0.02,code1:70:0.02,12.2313,0.1504,-1.1269,25.5894,False
code1:20:0.02,code1:80:0.02,17.4938,0.0127,1.4262,33.5614,True
code1:20:0.02,code1:90:0.02,35.2439,0.001,20.214,50.2737,True
code1:20:0.02,code2:100:0.02,10.3069,0.9,-9.3719,29.9856,False
code1:20:0.02,code2:10:0.02,-0.0005,0.9,-11.362,11.361,False
code1:20:0.02,code2:10:0.34,-0.0005,0.9,-11.362,11.361,False
code1:20:0.02,code2:10:0.5,-0.0005,0.9,-11.362,11.361,False
code1:20:0.02,code2:10:0.58,-0.0005,0.9,-11.362,11.361,False
code1:20:0.02,code2:10:0.62,-0.0004,0.9,-11.3619,11.3611,False
code1:20:0.02,code2:10:0.64,-0.0004,0.9,-11.3619,11.3611,False
code1:20:0.02,code2:20:0.02,-0.0004,0.9,-11.3619,11.3611,False
code1:20:0.02,code2:20:0.34,0.0017,0.9,-11.3598,11.3632,False
code1:20:0.02,code2:20:0.5,0.0201,0.9,-11.3414,11.3816,False
code1:20:0.02,code2:20:0.58,0.0744,0.9,-11.2871,11.4359,False
code1:20:0.02,code2:20:0.62,0.2472,0.9,-11.1143,11.6087,False
code1:20:0.02,code2:20:0.64,0.2836,0.9,-11.0779,11.6452,False
code1:20:0.02,code2:30:0.02,0.0063,0.9,-11.3553,11.3678,False
code1:20:0.02,code2:30:0.34,0.5587,0.9,-10.8028,11.9202,False
code1:20:0.02,code2:30:0.5,8.9781,0.5771,-2.8123,20.7685,False
code1:20:0.02,code2:30:0.58,15.0268,0.001,2.9761,27.0775,True
code1:20:0.02,code2:30:0.62,22.9408,0.001,8.6984,37.1832,True
code1:20:0.02,code2:30:0.64,43.2032,0.001,27.1356,59.2708,True
code1:20:0.02,code2:40:0.02,0.1133,0.9,-11.2482,11.4748,False
code1:20:0.02,code2:40:0.34,26.6302,0.001,13.272,39.9883,True
code1:20:0.02,code2:50:0.02,6.6104,0.9,-4.8487,18.0694,False
code1:20:0.02,code2:60:0.02,11.4454,0.058,-0.1172,23.008,False
code1:20:0.02,code2:70:0.02,7.9122,0.9,-4.6076,20.432,False
code1:20:0.02,code2:80:0.02,13.6077,0.4222,-3.116,30.3314,False
code1:20:0.02,code2:90:0.02,17.4963,0.0505,-0.0129,35.0056,False
code1:20:0.34,code1:20:0.5,0.0637,0.9,-11.2978,11.4252,False
code1:20:0.34,code1:20:0.58,0.0519,0.9,-11.3096,11.4134,False
code1:20:0.34,code1:20:0.62,0.2024,0.9,-11.1591,11.5639,False
code1:20:0.34,code1:20:0.64,0.08,0.9,-11.2815,11.4415,False
code1:20:0.34,code1:30:0.02,0.0209,0.9,-11.3406,11.3825,False
code1:20:0.34,code1:30:0.34,0.671,0.9,-10.6905,12.0325,False
code1:20:0.34,code1:30:0.5,11.4372,0.0767,-0.3531,23.2276,False
code1:20:0.34,code1:30:0.58,24.9875,0.001,12.4677,37.5073,True
code1:20:0.34,code1:30:0.62,17.8745,0.001,3.6321,32.1169,True
code1:20:0.34,code1:30:0.64,31.0752,0.001,16.4641,45.6863,True
code1:20:0.34,code1:40:0.02,0.1056,0.9,-11.2559,11.4671,False
code1:20:0.34,code1:40:0.34,12.2811,0.1186,-0.838,25.4003,False
code1:20:0.34,code1:40:0.5,46.9243,0.001,14.7891,79.0595,True
code1:20:0.34,code1:50:0.02,2.6445,0.9,-8.8145,14.1035,False
code1:20:0.34,code1:60:0.02,3.8741,0.9,-7.585,15.3331,False
code1:20:0.34,code1:70:0.02,12.2285,0.1508,-1.1297,25.5866,False
code1:20:0.34,code1:80:0.02,17.491,0.0128,1.4234,33.5586,True
code1:20:0.34,code1:90:0.02,35.2411,0.001,20.2112,50.271,True
code1:20:0.34,code2:100:0.02,10.3041,0.9,-9.3746,29.9828,False
code1:20:0.34,code2:10:0.02,-0.0033,0.9,-11.3648,11.3582,False
code1:20:0.34,code2:10:0.34,-0.0033,0.9,-11.3648,11.3582,False
code1:20:0.34,code2:10:0.5,-0.0033,0.9,-11.3648,11.3582,False
code1:20:0.34,code2:10:0.58,-0.0033,0.9,-11.3648,11.3582,False
code1:20:0.34,code2:10:0.62,-0.0032,0.9,-11.3647,11.3583,False
code1:20:0.34,code2:10:0.64,-0.0032,0.9,-11.3647,11.3583,False
code1:20:0.34,code2:20:0.02,-0.0032,0.9,-11.3647,11.3583,False
code1:20:0.34,code2:20:0.34,-0.0011,0.9,-11.3626,11.3604,False
code1:20:0.34,code2:20:0.5,0.0173,0.9,-11.3442,11.3788,False
code1:20:0.34,code2:20:0.58,0.0716,0.9,-11.2899,11.4331,False
code1:20:0.34,code2:20:0.62,0.2444,0.9,-11.1171,11.6059,False
code1:20:0.34,code2:20:0.64,0.2809,0.9,-11.0806,11.6424,False
code1:20:0.34,code2:30:0.02,0.0035,0.9,-11.358,11.365,False
code1:20:0.34,code2:30:0.34,0.556,0.9,-10.8056,11.9175,False
code1:20:0.34,code2:30:0.5,8.9754,0.5777,-2.815,20.7658,False
code1:20:0.34,code2:30:0.58,15.024,0.001,2.9733,27.0747,True
code1:20:0.34,code2:30:0.62,22.9381,0.001,8.6957,37.1805,True
code1:20:0.34,code2:30:0.64,43.2004,0.001,27.1328,59.268,True
code1:20:0.34,code2:40:0.02,0.1105,0.9,-11.251,11.472,False
code1:20:0.34,code2:40:0.34,26.6274,0.001,13.2693,39.9855,True
code1:20:0.34,code2:50:0.02,6.6076,0.9,-4.8515,18.0666,False
code1:20:0.34,code2:60:0.02,11.4426,0.0582,-0.12,23.0053,False
code1:20:0.34,code2:70:0.02,7.9094,0.9,-4.6103,20.4292,False
code1:20:0.34,code2:80:0.02,13.6049,0.4228,-3.1188,30.3286,False
code1:20:0.34,code2:90:0.02,17.4935,0.0507,-0.0157,35.0028,False
code1:20:0.5,code1:20:0.58,-0.0118,0.9,-11.3733,11.3497,False
code1:20:0.5,code1:20:0.62,0.1388,0.9,-11.2228,11.5003,False
code1:20:0.5,code1:20:0.64,0.0163,0.9,-11.3452,11.3778,False
code1:20:0.5,code1:30:0.02,-0.0427,0.9,-11.4042,11.3188,False
code1:20:0.5,code1:30:0.34,0.6073,0.9,-10.7542,11.9688,False
code1:20:0.5,code1:30:0.5,11.3736,0.0825,-0.4168,23.164,False
code1:20:0.5,code1:30:0.58,24.9238,0.001,12.4041,37.4436,True
code1:20:0.5,code1:30:0.62,17.8108,0.001,3.5684,32.0532,True
code1:20:0.5,code1:30:0.64,31.0115,0.001,16.4004,45.6226,True
code1:20:0.5,code1:40:0.02,0.0419,0.9,-11.3196,11.4035,False
code1:20:0.5,code1:40:0.34,12.2175,0.125,-0.9017,25.3366,False
code1:20:0.5,code1:40:0.5,46.8606,0.001,14.7254,78.9958,True
code1:20:0.5,code1:50:0.02,2.5808,0.9,-8.8782,14.0399,False
code1:20:0.5,code1:60:0.02,3.8104,0.9,-7.6487,15.2694,False
code1:20:0.5,code1:70:0.02,12.1648,0.1598,-1.1933,25.5229,False
code1:20:0.5,code1:80:0.02,17.4273,0.0136,1.3597,33.4949,True
code1:20:0.5,code1:90:0.02,35.1774,0.001,20.1476,50.2073,True
code1:20:0.5,code2:100:0.02,10.2404,0.9,-9.4383,29.9191,False
code1:20:0.5,code2:10:0.02,-0.067,0.9,-11.4285,11.2945,False
code1:20:0.5,code2:10:0.34,-0.067,0.9,-11.4285,11.2945,False
code1:20:0.5,code2:10:0.5,-0.0669,0.9,-11.4285,11.2946,False
code1:20:0.5,code2:10:0.58,-0.0669,0.9,-11.4285,11.2946,False
code1:20:0.5,code2:10:0.62,-0.0669,0.9,-11.4284,11.2946,False
code1:20:0.5,code2:10:0.64,-0.0669,0.9,-11.4284,11.2946,False
code1:20:0.5,code2:20:0.02,-0.0669,0.9,-11.4284,11.2947,False
code1:20:0.5,code2:20:0.34,-0.0648,0.9,-11.4263,11.2967,False
code1:20:0.5,code2:20:0.5,-0.0464,0.9,-11.4079,11.3151,False
code1:20:0.5,code2:20:0.58,0.008,0.9,-11.3536,11.3695,False
code1:20:0.5,code2:20:0.62,0.1807,0.9,-11.1808,11.5422,False
code1:20:0.5,code2:20:0.64,0.2172,0.9,-11.1443,11.5787,False
code1:20:0.5,code2:30:0.02,-0.0602,0.9,-11.4217,11.3013,False
code1:20:0.5,code2:30:0.34,0.4923,0.9,-10.8692,11.8538,False
code1:20:0.5,code2:30:0.5,8.9117,0.5929,-2.8787,20.7021,False
code1:20:0.5,code2:30:0.58,14.9603,0.001,2.9096,27.011,True
code1:20:0.5,code2:30:0.62,22.8744,0.001,8.632,37.1168,True
code1:20:0.5,code2:30:0.64,43.1368,0.001,27.0692,59.2044,True
code1:20:0.5,code2:40:0.02,0.0468,0.9,-11.3147,11.4083,False
code1:20:0.5,code2:40:0.34,26.5637,0.001,13.2056,39.9218,True
code1:20:0.5,code2:50:0.02,6.5439,0.9,-4.9151,18.0029,False
code1:20:0.5,code2:60:0.02,11.379,0.063,-0.1837,22.9416,False
code1:20:0.5,code2:70:0.02,7.8458,0.9,-4.674,20.3655,False
code1:20:0.5,code2:80:0.02,13.5412,0.4357,-3.1824,30.2649,False
code1:20:0.5,code2:90:0.02,17.4299,0.0535,-0.0794,34.9391,False
code1:20:0.58,code1:20:0.62,0.1505,0.9,-11.211,11.512,False
code1:20:0.58,code1:20:0.64,0.0281,0.9,-11.3334,11.3896,False
code1:20:0.58,code1:30:0.02,-0.0309,0.9,-11.3925,11.3306,False
code1:20:0.58,code1:30:0.34,0.6191,0.9,-10.7424,11.9806,False
code1:20:0.58,code1:30:0.5,11.3854,0.0814,-0.405,23.1758,False
code1:20:0.58,code1:30:0.58,24.9356,0.001,12.4158,37.4554,True
code1:20:0.58,code1:30:0.62,17.8226,0.001,3.5802,32.065,True
code1:20:0.58,code1:30:0.64,31.0233,0.001,16.4122,45.6344,True
code1:20:0.58,code1:40:0.02,0.0537,0.9,-11.3078,11.4152,False
code1:20:0.58,code1:40:0.34,12.2293,0.1247,-0.8899,25.3484,False
code1:20:0.58,code1:40:0.5,46.8724,0.001,14.7372,79.0076,True
code1:20:0.58,code1:50:0.02,2.5926,0.9,-8.8664,14.0517,False
code1:20:0.58,code1:60:0.02,3.8222,0.9,-7.6369,15.2812,False
code1:20:0.58,code1:70:0.02,12.1766,0.1581,-1.1816,25.5347,False
code1:20:0.58,code1:80:0.02,17.4391,0.0135,1.3715,33.5067,True
code1:20:0.58,code1:90:0.02,35.1892,0.001,20.1593,50.2191,True
code1:20:0.58,code2:100:0.02,10.2522,0.9,-9.4265,29.9309,False
code1:20:0.58,code2:10:0.02,-0.0552,0.9,-11.4167,11.3063,False
code1:20:0.58,code2:10:0.34,-0.0552,0.9,-11.4167,11.3063,False
code1:20:0.58,code2:10:0.5,-0.0552,0.9,-11.4167,11.3063,False
code1:20:0.58,code2:10:0.58,-0.0552,0.9,-11.4167,11.3063,False
code1:20:0.58,code2:10:0.62,-0.0551,0.9,-11.4166,11.3064,False
code1:20:0.58,code2:10:0.64,-0.0551,0.9,-11.4166,11.3064,False
code1:20:0.58,code2:20:0.02,-0.0551,0.9,-11.4166,11.3064,False
code1:20:0.58,code2:20:0.34,-0.053,0.9,-11.4145,11.3085,False
code1:20:0.58,code2:20:0.5,-0.0346,0.9,-11.3961,11.3269,False
code1:20:0.58,code2:20:0.58,0.0197,0.9,-11.3418,11.3812,False
code1:20:0.58,code2:20:0.62,0.1925,0.9,-11.169,11.554,False
code1:20:0.58,code2:20:0.64,0.229,0.9,-11.1325,11.5905,False
code1:20:0.58,code2:30:0.02,-0.0484,0.9,-11.4099,11.3131,False
code1:20:0.58,code2:30:0.34,0.5041,0.9,-10.8574,11.8656,False
code1:20:0.58,code2:30:0.5,8.9235,0.5901,-2.8669,20.7139,False
code1:20:0.58,code2:30:0.58,14.9721,0.001,2.9214,27.0228,True
code1:20:0.58,code2:30:0.62,22.8862,0.001,8.6438,37.1286,True
code1:20:0.58,code2:30:0.64,43.1485,0.001,27.0809,59.2161,True
code1:20:0.58,code2:40:0.02,0.0586,0.9,-11.3029,11.4201,False
code1:20:0.58,code2:40:0.34,26.5755,0.001,13.2174,39.9336,True
code1:20:0.58,code2:50:0.02,6.5557,0.9,-4.9034,18.0147,False
code1:20:0.58,code2:60:0.02,11.3907,0.0621,-0.1719,22.9534,False
code1:20:0.58,code2:70:0.02,7.8575,0.9,-4.6622,20.3773,False
code1:20:0.58,code2:80:0.02,13.553,0.4334,-3.1707,30.2767,False
code1:20:0.58,code2:90:0.02,17.4416,0.0529,-0.0676,34.9509,False
code1:20:0.62,code1:20:0.64,-0.1225,0.9,-11.484,11.239,False
code1:20:0.62,code1:30:0.02,-0.1815,0.9,-11.543,11.18,False
code1:20:0.62,code1:30:0.34,0.4686,0.9,-10.8929,11.8301,False
code1:20:0.62,code1:30:0.5,11.2348,0.0946,-0.5556,23.0252,False
code1:20:0.62,code1:30:0.58,24.7851,0.001,12.2653,37.3049,True
code1:20:0.62,code1:30:0.62,17.672,0.001,3.4296,31.9144,True
code1:20:0.62,code1:30:0.64,30.8728,0.001,16.2616,45.4839,True
code1:20:0.62,code1:40:0.02,-0.0968,0.9,-11.4583,11.2647,False
code1:20:0.62,code1:40:0.34,12.0787,0.1411,-1.0404,25.1979,False
code1:20:0.62,code1:40:0.5,46.7218,0.001,14.5866,78.857,True
code1:20:0.62,code1:50:0.02,2.4421,0.9,-9.017,13.9011,False
code1:20:0.62,code1:60:0.02,3.6716,0.9,-7.7874,15.1307,False
code1:20:0.62,code1:70:0.02,12.026,0.179,-1.3321,25.3842,False
code1:20:0.62,code1:80:0.02,17.2886,0.0157,1.221,33.3562,True
code1:20:0.62,code1:90:0.02,35.0387,0.001,20.0088,50.0685,True
code1:20:0.62,code2:100:0.02,10.1016,0.9,-9.5771,29.7804,False
code1:20:0.62,code2:10:0.02,-0.2057,0.9,-11.5673,11.1558,False
code1:20:0.62,code2:10:0.34,-0.2057,0.9,-11.5672,11.1558,False
code1:20:0.62,code2:10:0.5,-0.2057,0.9,-11.5672,11.1558,False
code1:20:0.62,code2:10:0.58,-0.2057,0.9,-11.5672,11.1558,False
code1:20:0.62,code2:10:0.62,-0.2056,0.9,-11.5672,11.1559,False
code1:20:0.62,code2:10:0.64,-0.2057,0.9,-11.5672,11.1559,False
code1:20:0.62,code2:20:0.02,-0.2056,0.9,-11.5671,11.1559,False
code1:20:0.62,code2:20:0.34,-0.2036,0.9,-11.5651,11.158,False
code1:20:0.62,code2:20:0.5,-0.1851,0.9,-11.5467,11.1764,False
code1:20:0.62,code2:20:0.58,-0.1308,0.9,-11.4923,11.2307,False
code1:20:0.62,code2:20:0.62,0.0419,0.9,-11.3196,11.4035,False
code1:20:0.62,code2:20:0.64,0.0784,0.9,-11.2831,11.4399,False
code1:20:0.62,code2:30:0.02,-0.199,0.9,-11.5605,11.1626,False
code1:20:0.62,code2:30:0.34,0.3535,0.9,-11.008,11.715,False
code1:20:0.62,code2:30:0.5,8.7729,0.626,-3.0175,20.5633,False
code1:20:0.62,code2:30:0.58,14.8215,0.001,2.7708,26.8722,True
code1:20:0.62,code2:30:0.62,22.7356,0.001,8.4932,36.978,True
code1:20:0.62,code2:30:0.64,42.998,0.001,26.9304,59.0656,True
code1:20:0.62,code2:40:0.02,-0.0919,0.9,-11.4535,11.2696,False
code1:20:0.62,code2:40:0.34,26.4249,0.001,13.0668,39.7831,True
code1:20:0.62,code2:50:0.02,6.4051,0.9,-5.0539,17.8642,False
code1:20:0.62,code2:60:0.02,11.2402,0.0746,-0.3224,22.8028,False
code1:20:0.62,code2:70:0.02,7.707,0.9,-4.8128,20.2268,False
code1:20:0.62,code2:80:0.02,13.4025,0.4628,-3.3212,30.1262,False
code1:20:0.62,code2:90:0.02,17.2911,0.06,-0.2182,34.8004,False
code1:20:0.64,code1:30:0.02,-0.059,0.9,-11.4205,11.3025,False
code1:20:0.64,code1:30:0.34,0.591,0.9,-10.7705,11.9526,False
code1:20:0.64,code1:30:0.5,11.3573,0.0839,-0.4331,23.1477,False
code1:20:0.64,code1:30:0.58,24.9076,0.001,12.3878,37.4273,True
code1:20:0.64,code1:30:0.62,17.7945,0.001,3.5521,32.0369,True
code1:20:0.64,code1:30:0.64,30.9952,0.001,16.3841,45.6064,True
code1:20:0.64,code1:40:0.02,0.0257,0.9,-11.3359,11.3872,False
code1:20:0.64,code1:40:0.34,12.2012,0.1255,-0.918,25.3203,False
code1:20:0.64,code1:40:0.5,46.8443,0.001,14.7091,78.9795,True
code1:20:0.64,code1:50:0.02,2.5645,0.9,-8.8945,14.0236,False
code1:20:0.64,code1:60:0.02,3.7941,0.9,-7.6649,15.2531,False
code1:20:0.64,code1:70:0.02,12.1485,0.1622,-1.2096,25.5066,False
code1:20:0.64,code1:80:0.02,17.411,0.0139,1.3434,33.4786,True
code1:20:0.64,code1:90:0.02,35.1611,0.001,20.1313,50.191,True
code1:20:0.64,code2:100:0.02,10.2241,0.9,-9.4546,29.9028,False
code1:20:0.64,code2:10:0.02,-0.0833,0.9,-11.4448,11.2782,False
code1:20:0.64,code2:10:0.34,-0.0833,0.9,-11.4448,11.2783,False
code1:20:0.64,code2:10:0.5,-0.0832,0.9,-11.4447,11.2783,False
code1:20:0.64,code2:10:0.58,-0.0832,0.9,-11.4447,11.2783,False
code1:20:0.64,code2:10:0.62,-0.0832,0.9,-11.4447,11.2783,False
code1:20:0.64,code2:10:0.64,-0.0832,0.9,-11.4447,11.2783,False
code1:20:0.64,code2:20:0.02,-0.0831,0.9,-11.4447,11.2784,False
code1:20:0.64,code2:20:0.34,-0.0811,0.9,-11.4426,11.2804,False
code1:20:0.64,code2:20:0.5,-0.0627,0.9,-11.4242,11.2988,False
code1:20:0.64,code2:20:0.58,-0.0083,0.9,-11.3698,11.3532,False
code1:20:0.64,code2:20:0.62,0.1644,0.9,-11.1971,11.5259,False
code1:20:0.64,code2:20:0.64,0.2009,0.9,-11.1606,11.5624,False
code1:20:0.64,code2:30:0.02,-0.0765,0.9,-11.438,11.285,False
code1:20:0.64,code2:30:0.34,0.476,0.9,-10.8855,11.8375,False
code1:20:0.64,code2:30:0.5,8.8954,0.5968,-2.895,20.6858,False
code1:20:0.64,code2:30:0.58,14.944,0.001,2.8933,26.9947,True
code1:20:0.64,code2:30:0.62,22.8581,0.001,8.6157,37.1005,True
code1:20:0.64,code2:30:0.64,43.1205,0.001,27.0529,59.1881,True
code1:20:0.64,code2:40:0.02,0.0305,0.9,-11.331,11.392,False
code1:20:0.64,code2:40:0.34,26.5474,0.001,13.1893,39.9055,True
code1:20:0.64,code2:50:0.02,6.5276,0.9,-4.9314,17.9867,False
code1:20:0.64,code2:60:0.02,11.3627,0.0643,-0.1999,22.9253,False
code1:20:0.64,code2:70:0.02,7.8295,0.9,-4.6903,20.3492,False
code1:20:0.64,code2:80:0.02,13.525,0.439,-3.1987,30.2486,False
code1:20:0.64,code2:90:0.02,17.4136,0.0542,-0.0957,34.9228,False
code1:30:0.02,code1:30:0.34,0.6501,0.9,-10.7115,12.0116,False
code1:30:0.02,code1:30:0.5,11.4163,0.0786,-0.3741,23.2067,False
code1:30:0.02,code1:30:0.58,24.9666,0.001,12.4468,37.4863,True
code1:30:0.02,code1:30:0.62,17.8535,0.001,3.6111,32.0959,True
code1:30:0.02,code1:30:0.64,31.0542,0.001,16.4431,45.6654,True
code1:30:0.02,code1:40:0.02,0.0847,0.9,-11.2768,11.4462,False
code1:30:0.02,code1:40:0.34,12.2602,0.121,-0.8589,25.3793,False
code1:30:0.02,code1:40:0.5,46.9033,0.001,14.7681,79.0385,True
code1:30:0.02,code1:50:0.02,2.6236,0.9,-8.8355,14.0826,False
code1:30:0.02,code1:60:0.02,3.8531,0.9,-7.6059,15.3121,False
code1:30:0.02,code1:70:0.02,12.2075,0.1537,-1.1506,25.5656,False
code1:30:0.02,code1:80:0.02,17.4701,0.013,1.4025,33.5377,True
code1:30:0.02,code1:90:0.02,35.2201,0.001,20.1903,50.25,True
code1:30:0.02,code2:100:0.02,10.2831,0.9,-9.3956,29.9618,False
code1:30:0.02,code2:10:0.02,-0.0243,0.9,-11.3858,11.3373,False
code1:30:0.02,code2:10:0.34,-0.0242,0.9,-11.3858,11.3373,False
code1:30:0.02,code2:10:0.5,-0.0242,0.9,-11.3857,11.3373,False
code1:30:0.02,code2:10:0.58,-0.0242,0.9,-11.3857,11.3373,False
code1:30:0.02,code2:10:0.62,-0.0242,0.9,-11.3857,11.3373,False
code1:30:0.02,code2:10:0.64,-0.0242,0.9,-11.3857,11.3373,False
code1:30:0.02,code2:20:0.02,-0.0241,0.9,-11.3856,11.3374,False
code1:30:0.02,code2:20:0.34,-0.0221,0.9,-11.3836,11.3394,False
code1:30:0.02,code2:20:0.5,-0.0037,0.9,-11.3652,11.3579,False
code1:30:0.02,code2:20:0.58,0.0507,0.9,-11.3108,11.4122,False
code1:30:0.02,code2:20:0.62,0.2234,0.9,-11.1381,11.5849,False
code1:30:0.02,code2:20:0.64,0.2599,0.9,-11.1016,11.6214,False
code1:30:0.02,code2:30:0.02,-0.0175,0.9,-11.379,11.344,False
code1:30:0.02,code2:30:0.34,0.535,0.9,-10.8265,11.8965,False
code1:30:0.02,code2:30:0.5,8.9544,0.5827,-2.836,20.7448,False
code1:30:0.02,code2:30:0.58,15.003,0.001,2.9523,27.0537,True
code1:30:0.02,code2:30:0.62,22.9171,0.001,8.6747,37.1595,True
code1:30:0.02,code2:30:0.64,43.1795,0.001,27.1119,59.2471,True
code1:30:0.02,code2:40:0.02,0.0895,0.9,-11.272,11.451,False
code1:30:0.02,code2:40:0.34,26.6064,0.001,13.2483,39.9646,True
code1:30:0.02,code2:50:0.02,6.5866,0.9,-4.8724,18.0457,False
code1:30:0.02,code2:60:0.02,11.4217,0.0598,-0.1409,22.9843,False
code1:30:0.02,code2:70:0.02,7.8885,0.9,-4.6313,20.4083,False
code1:30:0.02,code2:80:0.02,13.584,0.4271,-3.1397,30.3077,False
code1:30:0.02,code2:90:0.02,17.4726,0.0516,-0.0367,34.9819,False
code1:30:0.34,code1:30:0.5,10.7662,0.1551,-1.0242,22.5566,False
code1:30:0.34,code1:30:0.58,24.3165,0.001,11.7967,36.8363,True
code1:30:0.34,code1:30:0.62,17.2035,0.0015,2.9611,31.4459,True
code1:30:0.34,code1:30:0.64,30.4042,0.001,15.7931,45.0153,True
code1:30:0.34,code1:40:0.02,-0.5654,0.9,-11.9269,10.7961,False
code1:30:0.34,code1:40:0.34,11.6101,0.2125,-1.509,24.7293,False
code1:30:0.34,code1:40:0.5,46.2533,0.001,14.1181,78.3885,True
code1:30:0.34,code1:50:0.02,1.9735,0.9,-9.4855,13.4325,False
code1:30:0.34,code1:60:0.02,3.2031,0.9,-8.256,14.6621,False
code1:30:0.34,code1:70:0.02,11.5575,0.2608,-1.8007,24.9156,False
code1:30:0.34,code1:80:0.02,16.82,0.0249,0.7524,32.8876,True
code1:30:0.34,code1:90:0.02,34.5701,0.001,19.5402,49.6,True
code1:30:0.34,code2:100:0.02,9.6331,0.9,-10.0456,29.3118,False
code1:30:0.34,code2:10:0.02,-0.6743,0.9,-12.0358,10.6872,False
code1:30:0.34,code2:10:0.34,-0.6743,0.9,-12.0358,10.6872,False
code1:30:0.34,code2:10:0.5,-0.6743,0.9,-12.0358,10.6872,False
code1:30:0.34,code2:10:0.58,-0.6743,0.9,-12.0358,10.6872,False
code1:30:0.34,code2:10:0.62,-0.6742,0.9,-12.0357,10.6873,False
code1:30:0.34,code2:10:0.64,-0.6742,0.9,-12.0357,10.6873,False
code1:30:0.34,code2:20:0.02,-0.6742,0.9,-12.0357,10.6873,False
code1:30:0.34,code2:20:0.34,-0.6721,0.9,-12.0336,10.6894,False
code1:30:0.34,code2:20:0.5,-0.6537,0.9,-12.0152,10.7078,False
code1:30:0.34,code2:20:0.58,-0.5994,0.9,-11.9609,10.7621,False
code1:30:0.34,code2:20:0.62,-0.4266,0.9,-11.7881,10.9349,False
code1:30:0.34,code2:20:0.64,-0.3901,0.9,-11.7516,10.9714,False
code1:30:0.34,code2:30:0.02,-0.6675,0.9,-12.029,10.694,False
code1:30:0.34,code2:30:0.34,-0.115,0.9,-11.4766,11.2465,False
code1:30:0.34,code2:30:0.5,8.3044,0.7377,-3.486,20.0947,False
code1:30:0.34,code2:30:0.58,14.353,0.0021,2.3023,26.4037,True
code1:30:0.34,code2:30:0.62,22.2671,0.001,8.0246,36.5095,True
code1:30:0.34,code2:30:0.64,42.5294,0.001,26.4618,58.597,True
code1:30:0.34,code2:40:0.02,-0.5605,0.9,-11.922,10.801,False
code1:30:0.34,code2:40:0.34,25.9564,0.001,12.5982,39.3145,True
code1:30:0.34,code2:50:0.02,5.9366,0.9,-5.5225,17.3956,False
code1:30:0.34,code2:60:0.02,10.7716,0.125,-0.791,22.3342,False
code1:30:0.34,code2:70:0.02,7.2384,0.9,-5.2813,19.7582,False
code1:30:0.34,code2:80:0.02,12.9339,0.5436,-3.7898,29.6576,False
code1:30:0.34,code2:90:0.02,16.8225,0.0867,-0.6867,34.3318,False
code1:30:0.5,code1:30:0.58,13.5503,0.0239,0.64,26.4605,True
code1:30:0.5,code1:30:0.62,6.4372,0.9,-8.1496,21.0241,False
code1:30:0.5,code1:30:0.64,19.6379,0.001,4.6909,34.585,True
code1:30:0.5,code1:40:0.02,-11.3316,0.0863,-23.122,0.4588,False
code1:30:0.5,code1:40:0.34,0.8439,0.9,-12.6484,14.3362,False
code1:30:0.5,code1:40:0.5,35.487,0.0107,3.1977,67.7763,True
code1:30:0.5,code1:50:0.02,-8.7927,0.6379,-20.6771,3.0917,False
code1:30:0.5,code1:60:0.02,-7.5632,0.9,-19.4476,4.3212,False
code1:30:0.5,code1:70:0.02,0.7912,0.9,-12.9335,14.516,False
code1:30:0.5,code1:80:0.02,6.0538,0.9,-10.3199,22.4274,False
code1:30:0.5,code1:90:0.02,23.8038,0.001,8.4472,39.1605,True
code1:30:0.5,code2:100:0.02,-1.1332,0.9,-21.0626,18.7962,False
code1:30:0.5,code2:10:0.02,-11.4406,0.0765,-23.231,0.3498,False
code1:30:0.5,code2:10:0.34,-11.4405,0.0765,-23.2309,0.3499,False
code1:30:0.5,code2:10:0.5,-11.4405,0.0765,-23.2309,0.3499,False
code1:30:0.5,code2:10:0.58,-11.4405,0.0765,-23.2309,0.3499,False
code1:30:0.5,code2:10:0.62,-11.4405,0.0765,-23.2309,0.3499,False
code1:30:0.5,code2:10:0.64,-11.4405,0.0765,-23.2309,0.3499,False
code1:30:0.5,code2:20:0.02,-11.4404,0.0765,-23.2308,0.35,False
code1:30:0.5,code2:20:0.34,-11.4384,0.0766,-23.2288,0.352,False
code1:30:0.5,code2:20:0.5,-11.42,0.0783,-23.2104,0.3704,False
code1:30:0.5,code2:20:0.58,-11.3656,0.0832,-23.156,0.4248,False
code1:30:0.5,code2:20:0.62,-11.1929,0.0994,-22.9833,0.5975,False
code1:30:0.5,code2:20:0.64,-11.1564,0.1036,-22.9468,0.634,False
code1:30:0.5,code2:30:0.02,-11.4338,0.077,-23.2242,0.3566,False
code1:30:0.5,code2:30:0.34,-10.8813,0.1372,-22.6717,0.9091,False
code1:30:0.5,code2:30:0.5,-2.4619,0.9,-14.6661,9.7423,False
code1:30:0.5,code2:30:0.58,3.5867,0.9,-8.8691,16.0426,False
code1:30:0.5,code2:30:0.62,11.5008,0.5013,-3.086,26.0876,False
code1:30:0.5,code2:30:0.64,31.7632,0.001,15.3895,48.1369,True
code1:30:0.5,code2:40:0.02,-11.3268,0.0868,-23.1172,0.4636,False
code1:30:0.5,code2:40:0.34,15.1901,0.0094,1.4654,28.9149,True
code1:30:0.5,code2:50:0.02,-4.8297,0.9,-16.7141,7.0547,False
code1:30:0.5,code2:60:0.02,0.0054,0.9,-11.9789,11.9897,False
code1:30:0.5,code2:70:0.02,-3.5278,0.9,-16.4381,9.3824,False
code1:30:0.5,code2:80:0.02,2.1677,0.9,-14.8503,19.1856,False
code1:30:0.5,code2:90:0.02,6.0563,0.9,-11.7343,23.8468,False
code1:30:0.58,code1:30:0.62,-7.113,0.9,-22.2955,8.0694,False
code1:30:0.58,code1:30:0.64,6.0877,0.9,-9.4412,21.6165,False
code1:30:0.58,code1:40:0.02,-24.8819,0.001,-37.4017,-12.3621,True
code1:30:0.58,code1:40:0.34,-12.7064,0.1817,-26.8405,1.4277,False
code1:30:0.58,code1:40:0.5,21.9367,0.8239,-10.626,54.4995,False
code1:30:0.58,code1:50:0.02,-22.343,0.001,-34.9513,-9.7347,True
code1:30:0.58,code1:60:0.02,-21.1135,0.001,-33.7218,-8.5051,True
code1:30:0.58,code1:70:0.02,-12.759,0.2039,-27.1152,1.5972,False
code1:30:0.58,code1:80:0.02,-7.4965,0.9,-24.403,9.41,False
code1:30:0.58,code1:90:0.02,10.2536,0.9,-5.6699,26.1771,False
code1:30:0.58,code2:100:0.02,-14.6834,0.6913,-35.0528,5.686,False
code1:30:0.58,code2:10:0.02,-24.9908,0.001,-37.5106,-12.4711,True
code1:30:0.58,code2:10:0.34,-24.9908,0.001,-37.5106,-12.471,True
code1:30:0.58,code2:10:0.5,-24.9908,0.001,-37.5106,-12.471,True
code1:30:0.58,code2:10:0.58,-24.9908,0.001,-37.5106,-12.471,True
code1:30:0.58,code2:10:0.62,-24.9907,0.001,-37.5105,-12.471,True
code1:30:0.58,code2:10:0.64,-24.9907,0.001,-37.5105,-12.471,True
code1:30:0.58,code2:20:0.02,-24.9907,0.001,-37.5105,-12.4709,True
code1:30:0.58,code2:20:0.34,-24.9886,0.001,-37.5084,-12.4689,True
code1:30:0.58,code2:20:0.5,-24.9702,0.001,-37.49,-12.4505,True
code1:30:0.58,code2:20:0.58,-24.9159,0.001,-37.4357,-12.3961,True
code1:30:0.58,code2:20:0.62,-24.7431,0.001,-37.2629,-12.2234,True
code1:30:0.58,code2:20:0.64,-24.7067,0.001,-37.2264,-12.1869,True
code1:30:0.58,code2:30:0.02,-24.984,0.001,-37.5038,-12.4643,True
code1:30:0.58,code2:30:0.34,-24.4316,0.001,-36.9513,-11.9118,True
code1:30:0.58,code2:30:0.5,-16.0122,0.001,-28.9224,-3.1019,True
code1:30:0.58,code2:30:0.58,-9.9635,0.5875,-23.1119,3.1849,False
code1:30:0.58,code2:30:0.62,-2.0495,0.9,-17.2319,13.133,False
code1:30:0.58,code2:30:0.64,18.2129,0.0154,1.3064,35.1194,True
code1:30:0.58,code2:40:0.02,-24.877,0.001,-37.3968,-12.3573,True
code1:30:0.58,code2:40:0.34,1.6399,0.9,-12.7163,15.9961,False
code1:30:0.58,code2:50:0.02,-18.3799,0.001,-30.9883,-5.7716,True
code1:30:0.58,code2:60:0.02,-13.5449,0.0184,-26.2474,-0.8423,True
code1:30:0.58,code2:70:0.02,-17.0781,0.001,-30.6577,-3.4985,True
code1:30:0.58,code2:80:0.02,-11.3826,0.8925,-28.9138,6.1486,False
code1:30:0.58,code2:90:0.02,-7.494,0.9,-25.7761,10.7881,False
code1:30:0.62,code1:30:0.64,13.2007,0.5282,-3.7476,30.1491,False
code1:30:0.62,code1:40:0.02,-17.7688,0.001,-32.0113,-3.5264,True
code1:30:0.62,code1:40:0.34,-5.5933,0.9,-21.2737,10.0871,False
code1:30:0.62,code1:40:0.5,29.0498,0.2396,-4.2133,62.3129,False
code1:30:0.62,code1:50:0.02,-15.23,0.0192,-29.5503,-0.9096,True
code1:30:0.62,code1:60:0.02,-14.0004,0.0691,-28.3207,0.3199,False
code1:30:0.62,code1:70:0.02,-5.646,0.9,-21.5269,10.2349,False
code1:30:0.62,code1:80:0.02,-0.3835,0.9,-18.6024,17.8355,False
code1:30:0.62,code1:90:0.02,17.3666,0.0478,0.056,34.6773,True
code1:30:0.62,code2:100:0.02,-7.5704,0.9,-29.0416,13.9008,False
code1:30:0.62,code2:10:0.02,-17.8778,0.001,-32.1202,-3.6354,True
code1:30:0.62,code2:10:0.34,-17.8778,0.001,-32.1202,-3.6354,True
code1:30:0.62,code2:10:0.5,-17.8777,0.001,-32.1201,-3.6353,True
code1:30:0.62,code2:10:0.58,-17.8777,0.001,-32.1201,-3.6353,True
code1:30:0.62,code2:10:0.62,-17.8777,0.001,-32.1201,-3.6353,True
code1:30:0.62,code2:10:0.64,-17.8777,0.001,-32.1201,-3.6353,True
code1:30:0.62,code2:20:0.02,-17.8776,0.001,-32.1201,-3.6352,True
code1:30:0.62,code2:20:0.34,-17.8756,0.001,-32.118,-3.6332,True
code1:30:0.62,code2:20:0.5,-17.8572,0.001,-32.0996,-3.6148,True
code1:30:0.62,code2:20:0.58,-17.8028,0.001,-32.0452,-3.5604,True
code1:30:0.62,code2:20:0.62,-17.6301,0.001,-31.8725,-3.3877,True
code1:30:0.62,code2:20:0.64,-17.5936,0.001,-31.836,-3.3512,True
code1:30:0.62,code2:30:0.02,-17.871,0.001,-32.1134,-3.6286,True
code1:30:0.62,code2:30:0.34,-17.3185,0.0013,-31.5609,-3.0761,True
code1:30:0.62,code2:30:0.5,-8.8991,0.9,-23.4859,5.6877,False
code1:30:0.62,code2:30:0.58,-2.8505,0.9,-17.6485,11.9475,False
code1:30:0.62,code2:30:0.62,5.0636,0.9,-11.568,21.6951,False
code1:30:0.62,code2:30:0.64,25.326,0.001,7.107,43.5449,True
code1:30:0.62,code2:40:0.02,-17.764,0.001,-32.0064,-3.5216,True
code1:30:0.62,code2:40:0.34,8.7529,0.9,-7.128,24.6338,False
code1:30:0.62,code2:50:0.02,-11.2669,0.506,-25.5872,3.0534,False
code1:30:0.62,code2:60:0.02,-6.4318,0.9,-20.8352,7.9715,False
code1:30:0.62,code2:70:0.02,-9.965,0.8726,-25.1475,5.2174,False
code1:30:0.62,code2:80:0.02,-4.2695,0.9,-23.0697,14.5306,False
code1:30:0.62,code2:90:0.02,-0.3809,0.9,-19.8831,19.1213,False
code1:30:0.64,code1:40:0.02,-30.9696,0.001,-45.5807,-16.3585,True
code1:30:0.64,code1:40:0.34,-18.794,0.0029,-34.8101,-2.778,True
code1:30:0.64,code1:40:0.5,15.8491,0.9,-17.5736,49.2717,False
code1:30:0.64,code1:50:0.02,-28.4307,0.001,-43.1178,-13.7436,True
code1:30:0.64,code1:60:0.02,-27.2011,0.001,-41.8882,-12.5141,True
code1:30:0.64,code1:70:0.02,-18.8467,0.0035,-35.0591,-2.6344,True
code1:30:0.64,code1:80:0.02,-13.5842,0.6545,-32.0928,4.9244,False
code1:30:0.64,code1:90:0.02,4.1659,0.9,-13.4494,21.7812,False
code1:30:0.64,code2:100:0.02,-20.7711,0.0901,-42.4887,0.9465,False
code1:30:0.64,code2:10:0.02,-31.0785,0.001,-45.6896,-16.4674,True
code1:30:0.64,code2:10:0.34,-31.0785,0.001,-45.6896,-16.4674,True
code1:30:0.64,code2:10:0.5,-31.0785,0.001,-45.6896,-16.4673,True
code1:30:0.64,code2:10:0.58,-31.0785,0.001,-45.6896,-16.4673,True
code1:30:0.64,code2:10:0.62,-31.0784,0.001,-45.6895,-16.4673,True
code1:30:0.64,code2:10:0.64,-31.0784,0.001,-45.6895,-16.4673,True
code1:30:0.64,code2:20:0.02,-31.0784,0.001,-45.6895,-16.4672,True
code1:30:0.64,code2:20:0.34,-31.0763,0.001,-45.6874,-16.4652,True
code1:30:0.64,code2:20:0.5,-31.0579,0.001,-45.669,-16.4468,True
code1:30:0.64,code2:20:0.58,-31.0036,0.001,-45.6147,-16.3924,True
code1:30:0.64,code2:20:0.62,-30.8308,0.001,-45.4419,-16.2197,True
code1:30:0.64,code2:20:0.64,-30.7943,0.001,-45.4055,-16.1832,True
code1:30:0.64,code2:30:0.02,-31.0717,0.001,-45.6828,-16.4606,True
code1:30:0.64,code2:30:0.34,-30.5192,0.001,-45.1304,-15.9081,True
code1:30:0.64,code2:30:0.5,-22.0998,0.001,-37.0469,-7.1528,True
code1:30:0.64,code2:30:0.58,-16.0512,0.0205,-31.2044,-0.898,True
code1:30:0.64,code2:30:0.62,-8.1371,0.9,-25.0855,8.8112,False
code1:30:0.64,code2:30:0.64,12.1252,0.8761,-6.3834,30.6339,False
code1:30:0.64,code2:40:0.02,-30.9647,0.001,-45.5758,-16.3536,True
code1:30:0.64,code2:40:0.34,-4.4478,0.9,-20.6602,11.7645,False
code1:30:0.64,code2:50:0.02,-24.4676,0.001,-39.1547,-9.7805,True
code1:30:0.64,code2:60:0.02,-19.6326,0.001,-34.4006,-4.8645,True
code1:30:0.64,code2:70:0.02,-23.1658,0.001,-38.6946,-7.6369,True
code1:30:0.64,code2:80:0.02,-17.4703,0.1505,-36.5512,1.6107,False
code1:30:0.64,code2:90:0.02,-13.5817,0.7868,-33.3547,6.1914,False
code1:40:0.02,code1:40:0.34,12.1755,0.1286,-0.9436,25.2947,False
code1:40:0.02,code1:40:0.5,46.8186,0.001,14.6834,78.9538,True
code1:40:0.02,code1:50:0.02,2.5389,0.9,-8.9201,13.9979,False
code1:40:0.02,code1:60:0.02,3.7684,0.9,-7.6906,15.2275,False
code1:40:0.02,code1:70:0.02,12.1229,0.1659,-1.2353,25.481,False
code1:40:0.02,code1:80:0.02,17.3854,0.0142,1.3178,33.453,True
code1:40:0.02,code1:90:0.02,35.1355,0.001,20.1056,50.1653,True
code1:40:0.02,code2:100:0.02,10.1985,0.9,-9.4803,29.8772,False
code1:40:0.02,code2:10:0.02,-0.1089,0.9,-11.4704,11.2526,False
code1:40:0.02,code2:10:0.34,-0.1089,0.9,-11.4704,11.2526,False
code1:40:0.02,code2:10:0.5,-0.1089,0.9,-11.4704,11.2526,False
code1:40:0.02,code2:10:0.58,-0.1089,0.9,-11.4704,11.2526,False
code1:40:0.02,code2:10:0.62,-0.1088,0.9,-11.4703,11.2527,False
code1:40:0.02,code2:10:0.64,-0.1088,0.9,-11.4703,11.2527,False
code1:40:0.02,code2:20:0.02,-0.1088,0.9,-11.4703,11.2527,False
code1:40:0.02,code2:20:0.34,-0.1067,0.9,-11.4682,11.2548,False
code1:40:0.02,code2:20:0.5,-0.0883,0.9,-11.4498,11.2732,False
code1:40:0.02,code2:20:0.58,-0.034,0.9,-11.3955,11.3275,False
code1:40:0.02,code2:20:0.62,0.1388,0.9,-11.2227,11.5003,False
code1:40:0.02,code2:20:0.64,0.1752,0.9,-11.1863,11.5368,False
code1:40:0.02,code2:30:0.02,-0.1021,0.9,-11.4637,11.2594,False
code1:40:0.02,code2:30:0.34,0.4503,0.9,-10.9112,11.8118,False
code1:40:0.02,code2:30:0.5,8.8697,0.6029,-2.9207,20.6601,False
code1:40:0.02,code2:30:0.58,14.9184,0.001,2.8677,26.9691,True
code1:40:0.02,code2:30:0.62,22.8324,0.001,8.59,37.0748,True
code1:40:0.02,code2:30:0.64,43.0948,0.001,27.0272,59.1624,True
code1:40:0.02,code2:40:0.02,0.0049,0.9,-11.3566,11.3664,False
code1:40:0.02,code2:40:0.34,26.5218,0.001,13.1636,39.8799,True
code1:40:0.02,code2:50:0.02,6.502,0.9,-4.9571,17.961,False
code1:40:0.02,code2:60:0.02,11.337,0.0664,-0.2256,22.8996,False
code1:40:0.02,code2:70:0.02,7.8038,0.9,-4.716,20.3236,False
code1:40:0.02,code2:80:0.02,13.4993,0.4441,-3.2244,30.223,False
code1:40:0.02,code2:90:0.02,17.3879,0.0554,-0.1213,34.8972,False
code1:40:0.34,code1:40:0.5,34.6431,0.0215,1.8453,67.441,True
code1:40:0.34,code1:50:0.02,-9.6366,0.666,-22.8403,3.5671,False
code1:40:0.34,code1:60:0.02,-8.4071,0.9,-21.6108,4.7966,False
code1:40:0.34,code1:70:0.02,-0.0527,0.9,-14.9345,14.8291,False
code1:40:0.34,code1:80:0.02,5.2099,0.9,-12.1451,22.5649,False
code1:40:0.34,code1:90:0.02,22.9599,0.001,6.561,39.3589,True
code1:40:0.34,code2:100:0.02,-1.9771,0.9,-22.7203,18.7661,False
code1:40:0.34,code2:10:0.02,-12.2845,0.1182,-25.4036,0.8347,False
code1:40:0.34,code2:10:0.34,-12.2844,0.1182,-25.4036,0.8347,False
code1:40:0.34,code2:10:0.5,-12.2844,0.1182,-25.4036,0.8347,False
code1:40:0.34,code2:10:0.58,-12.2844,0.1182,-25.4036,0.8347,False
code1:40:0.34,code2:10:0.62,-12.2844,0.1182,-25.4035,0.8348,False
code1:40:0.34,code2:10:0.64,-12.2844,0.1182,-25.4035,0.8348,False
code1:40:0.34,code2:20:0.02,-12.2843,0.1182,-25.4035,0.8348,False
code1:40:0.34,code2:20:0.34,-12.2823,0.1184,-25.4014,0.8369,False
code1:40:0.34,code2:20:0.5,-12.2639,0.1206,-25.383,0.8553,False
code1:40:0.34,code2:20:0.58,-12.2095,0.125,-25.3287,0.9096,False
code1:40:0.34,code2:20:0.62,-12.0368,0.147,-25.1559,1.0824,False
code1:40:0.34,code2:20:0.64,-12.0003,0.1522,-25.1194,1.1189,False
code1:40:0.34,code2:30:0.02,-12.2777,0.119,-25.3968,0.8415,False
code1:40:0.34,code2:30:0.34,-11.7252,0.1928,-24.8443,1.3939,False
code1:40:0.34,code2:30:0.5,-3.3058,0.9,-16.7981,10.1865,False
code1:40:0.34,code2:30:0.58,2.7428,0.9,-10.9775,16.4632,False
code1:40:0.34,code2:30:0.62,10.6569,0.8071,-5.0235,26.3373,False
code1:40:0.34,code2:30:0.64,30.9193,0.001,13.5643,48.2743,True
code1:40:0.34,code2:40:0.02,-12.1707,0.1292,-25.2898,0.9485,False
code1:40:0.34,code2:40:0.34,14.3462,0.0831,-0.5356,29.228,False
code1:40:0.34,code2:50:0.02,-5.6736,0.9,-18.8773,7.5301,False
code1:40:0.34,code2:60:0.02,-0.8385,0.9,-14.1322,12.4552,False
code1:40:0.34,code2:70:0.02,-4.3717,0.9,-18.5058,9.7624,False
code1:40:0.34,code2:80:0.02,1.3238,0.9,-16.6404,19.2879,False
code1:40:0.34,code2:90:0.02,5.2124,0.9,-13.4853,23.91,False
code1:40:0.5,code1:50:0.02,-44.2797,0.001,-76.4496,-12.1099,True
code1:40:0.5,code1:60:0.02,-43.0502,0.001,-75.22,-10.8804,True
code1:40:0.5,code1:70:0.02,-34.6958,0.022,-67.59,-1.8016,True
code1:40:0.5,code1:80:0.02,-29.4333,0.2652,-63.5178,4.6513,False
code1:40:0.5,code1:90:0.02,-11.6832,0.9,-45.291,21.9246,False
code1:40:0.5,code2:100:0.02,-36.6202,0.038,-72.5484,-0.6919,True
code1:40:0.5,code2:10:0.02,-46.9276,0.001,-79.0628,-14.7924,True
code1:40:0.5,code2:10:0.34,-46.9276,0.001,-79.0628,-14.7924,True
code1:40:0.5,code2:10:0.5,-46.9275,0.001,-79.0627,-14.7923,True
code1:40:0.5,code2:10:0.58,-46.9275,0.001,-79.0627,-14.7923,True
code1:40:0.5,code2:10:0.62,-46.9275,0.001,-79.0627,-14.7923,True
code1:40:0.5,code2:10:0.64,-46.9275,0.001,-79.0627,-14.7923,True
code1:40:0.5,code2:20:0.02,-46.9274,0.001,-79.0626,-14.7922,True
code1:40:0.5,code2:20:0.34,-46.9254,0.001,-79.0606,-14.7902,True
code1:40:0.5,code2:20:0.5,-46.907,0.001,-79.0422,-14.7718,True
code1:40:0.5,code2:20:0.58,-46.8526,0.001,-78.9878,-14.7174,True
code1:40:0.5,code2:20:0.62,-46.6799,0.001,-78.8151,-14.5447,True
code1:40:0.5,code2:20:0.64,-46.6434,0.001,-78.7786,-14.5082,True
code1:40:0.5,code2:30:0.02,-46.9208,0.001,-79.056,-14.7856,True
code1:40:0.5,code2:30:0.34,-46.3683,0.001,-78.5035,-14.2331,True
code1:40:0.5,code2:30:0.5,-37.9489,0.0028,-70.2382,-5.6596,True
code1:40:0.5,code2:30:0.58,-31.9003,0.0622,-64.2856,0.485,False
code1:40:0.5,code2:30:0.62,-23.9862,0.6906,-57.2493,9.2769,False
code1:40:0.5,code2:30:0.64,-3.7238,0.9,-37.8084,30.3607,False
code1:40:0.5,code2:40:0.02,-46.8138,0.001,-78.949,-14.6786,True
code1:40:0.5,code2:40:0.34,-20.2969,0.9,-53.1911,12.5973,False
code1:40:0.5,code2:50:0.02,-40.3167,0.001,-72.4865,-8.1469,True
code1:40:0.5,code2:60:0.02,-35.4816,0.0102,-67.6885,-3.2748,True
code1:40:0.5,code2:70:0.02,-39.0148,0.0018,-71.5776,-6.4521,True
code1:40:0.5,code2:80:0.02,-33.3193,0.0782,-67.718,1.0793,False
code1:40:0.5,code2:90:0.02,-29.4307,0.3139,-64.2181,5.3567,False
code1:50:0.02,code1:60:0.02,1.2295,0.9,-10.3262,12.7853,False
code1:50:0.02,code1:70:0.02,9.584,0.7133,-3.8572,23.0251,False
code1:50:0.02,code1:80:0.02,14.8465,0.1423,-1.2902,30.9832,False
code1:50:0.02,code1:90:0.02,32.5966,0.001,17.4929,47.7003,True
code1:50:0.02,code2:100:0.02,7.6596,0.9,-12.0756,27.3947,False
code1:50:0.02,code2:10:0.02,-2.6478,0.9,-14.1069,8.8112,False
code1:50:0.02,code2:10:0.34,-2.6478,0.9,-14.1068,8.8112,False
code1:50:0.02,code2:10:0.5,-2.6478,0.9,-14.1068,8.8113,False
code1:50:0.02,code2:10:0.58,-2.6478,0.9,-14.1068,8.8113,False
code1:50:0.02,code2:10:0.62,-2.6477,0.9,-14.1068,8.8113,False
code1:50:0.02,code2:10:0.64,-2.6477,0.9,-14.1068,8.8113,False
code1:50:0.02,code2:20:0.02,-2.6477,0.9,-14.1067,8.8113,False
code1:50:0.02,code2:20:0.34,-2.6456,0.9,-14.1047,8.8134,False
code1:50:0.02,code2:20:0.5,-2.6272,0.9,-14.0863,8.8318,False
code1:50:0.02,code2:20:0.58,-2.5729,0.9,-14.0319,8.8862,False
code1:50:0.02,code2:20:0.62,-2.4001,0.9,-13.8592,9.0589,False
code1:50:0.02,code2:20:0.64,-2.3636,0.9,-13.8227,9.0954,False
code1:50:0.02,code2:30:0.02,-2.641,0.9,-14.1001,8.818,False
code1:50:0.02,code2:30:0.34,-2.0886,0.9,-13.5476,9.3705,False
code1:50:0.02,code2:30:0.5,6.3308,0.9,-5.5536,18.2152,False
code1:50:0.02,code2:30:0.58,12.3795,0.0378,0.2368,24.5222,True
code1:50:0.02,code2:30:0.62,20.2935,0.001,5.9732,34.6139,True
code1:50:0.02,code2:30:0.64,40.5559,0.001,24.4192,56.6926,True
code1:50:0.02,code2:40:0.02,-2.534,0.9,-13.9931,8.925,False
code1:50:0.02,code2:40:0.34,23.9829,0.001,10.5417,37.424,True
code1:50:0.02,code2:50:0.02,3.9631,0.9,-7.5927,15.5188,False
code1:50:0.02,code2:60:0.02,8.7981,0.5962,-2.8603,20.4566,False
code1:50:0.02,code2:70:0.02,5.2649,0.9,-7.3434,17.8733,False
code1:50:0.02,code2:80:0.02,10.9604,0.8826,-5.8297,27.7505,False
code1:50:0.02,code2:90:0.02,14.849,0.3168,-2.7237,32.4217,False
code1:60:0.02,code1:70:0.02,8.3544,0.9,-5.0868,21.7956,False
code1:60:0.02,code1:80:0.02,13.617,0.32,-2.5198,29.7537,False
code1:60:0.02,code1:90:0.02,31.367,0.001,16.2633,46.4708,True
code1:60:0.02,code2:100:0.02,6.43,0.9,-13.3052,26.1652,False
code1:60:0.02,code2:10:0.02,-3.8774,0.9,-15.3364,7.5817,False
code1:60:0.02,code2:10:0.34,-3.8774,0.9,-15.3364,7.5817,False
code1:60:0.02,code2:10:0.5,-3.8773,0.9,-15.3364,7.5817,False
code1:60:0.02,code2:10:0.58,-3.8773,0.9,-15.3364,7.5817,False
code1:60:0.02,code2:10:0.62,-3.8773,0.9,-15.3363,7.5818,False
code1:60:0.02,code2:10:0.64,-3.8773,0.9,-15.3363,7.5818,False
code1:60:0.02,code2:20:0.02,-3.8772,0.9,-15.3363,7.5818,False
code1:60:0.02,code2:20:0.34,-3.8752,0.9,-15.3342,7.5839,False
code1:60:0.02,code2:20:0.5,-3.8568,0.9,-15.3158,7.6023,False
code1:60:0.02,code2:20:0.58,-3.8024,0.9,-15.2615,7.6566,False
code1:60:0.02,code2:20:0.62,-3.6297,0.9,-15.0887,7.8294,False
code1:60:0.02,code2:20:0.64,-3.5932,0.9,-15.0522,7.8658,False
code1:60:0.02,code2:30:0.02,-3.8706,0.9,-15.3296,7.5885,False
code1:60:0.02,code2:30:0.34,-3.3181,0.9,-14.7771,8.1409,False
code1:60:0.02,code2:30:0.5,5.1013,0.9,-6.7831,16.9857,False
code1:60:0.02,code2:30:0.58,11.1499,0.1456,-0.9928,23.2926,False
code1:60:0.02,code2:30:0.62,19.064,0.001,4.7437,33.3843,True
code1:60:0.02,code2:30:0.64,39.3264,0.001,23.1897,55.4631,True
code1:60:0.02,code2:40:0.02,-3.7636,0.9,-15.2226,7.6955,False
code1:60:0.02,code2:40:0.34,22.7533,0.001,9.3121,36.1945,True
code1:60:0.02,code2:50:0.02,2.7335,0.9,-8.8222,14.2893,False
code1:60:0.02,code2:60:0.02,7.5686,0.8927,-4.0899,19.227,False
code1:60:0.02,code2:70:0.02,4.0354,0.9,-8.573,16.6437,False
code1:60:0.02,code2:80:0.02,9.7309,0.9,-7.0592,26.521,False
code1:60:0.02,code2:90:0.02,13.6195,0.539,-3.9532,31.1922,False
code1:70:0.02,code1:80:0.02,5.2625,0.9,-12.2738,22.7989,False
code1:70:0.02,code1:90:0.02,23.0126,0.001,6.4219,39.6034,True
code1:70:0.02,code2:100:0.02,-1.9244,0.9,-22.8195,18.9708,False
code1:70:0.02,code2:10:0.02,-12.2318,0.1504,-25.5899,1.1263,False
code1:70:0.02,code2:10:0.34,-12.2318,0.1504,-25.5899,1.1264,False
code1:70:0.02,code2:10:0.5,-12.2317,0.1504,-25.5899,1.1264,False
code1:70:0.02,code2:10:0.58,-12.2317,0.1504,-25.5899,1.1264,False
code1:70:0.02,code2:10:0.62,-12.2317,0.1504,-25.5898,1.1264,False
code1:70:0.02,code2:10:0.64,-12.2317,0.1504,-25.5898,1.1264,False
code1:70:0.02,code2:20:0.02,-12.2316,0.1504,-25.5898,1.1265,False
code1:70:0.02,code2:20:0.34,-12.2296,0.1507,-25.5877,1.1285,False
code1:70:0.02,code2:20:0.5,-12.2112,0.1532,-25.5693,1.1469,False
code1:70:0.02,code2:20:0.58,-12.1568,0.161,-25.515,1.2013,False
code1:70:0.02,code2:20:0.62,-11.9841,0.1856,-25.3422,1.374,False
code1:70:0.02,code2:20:0.64,-11.9476,0.1914,-25.3057,1.4105,False
code1:70:0.02,code2:30:0.02,-12.225,0.1513,-25.5831,1.1331,False
code1:70:0.02,code2:30:0.34,-11.6725,0.2384,-25.0306,1.6856,False
code1:70:0.02,code2:30:0.5,-3.2531,0.9,-16.9779,10.4716,False
code1:70:0.02,code2:30:0.58,2.7955,0.9,-11.1535,16.7445,False
code1:70:0.02,code2:30:0.62,10.7096,0.8219,-5.1713,26.5904,False
code1:70:0.02,code2:30:0.64,30.972,0.001,13.4356,48.5083,True
code1:70:0.02,code2:40:0.02,-12.118,0.1666,-25.4761,1.2401,False
code1:70:0.02,code2:40:0.34,14.3989,0.0932,-0.694,29.4918,False
code1:70:0.02,code2:50:0.02,-5.6209,0.9,-19.0621,7.8203,False
code1:70:0.02,code2:60:0.02,-0.7858,0.9,-14.3154,12.7438,False
code1:70:0.02,code2:70:0.02,-4.319,0.9,-18.6752,10.0372,False
code1:70:0.02,code2:80:0.02,1.3765,0.9,-16.7629,19.5158,False
code1:70:0.02,code2:90:0.02,5.2651,0.9,-13.601,24.1312,False
code1:80:0.02,code1:90:0.02,17.7501,0.1096,-1.0908,36.591,False
code1:80:0.02,code2:100:0.02,-7.1869,0.9,-29.9099,15.5361,False
code1:80:0.02,code2:10:0.02,-17.4943,0.0127,-33.5619,-1.4267,True
code1:80:0.02,code2:10:0.34,-17.4943,0.0127,-33.5619,-1.4267,True
code1:80:0.02,code2:10:0.5,-17.4943,0.0127,-33.5619,-1.4267,True
code1:80:0.02,code2:10:0.58,-17.4943,0.0127,-33.5619,-1.4267,True
code1:80:0.02,code2:10:0.62,-17.4942,0.0127,-33.5618,-1.4266,True
code1:80:0.02,code2:10:0.64,-17.4942,0.0127,-33.5618,-1.4266,True
code1:80:0.02,code2:20:0.02,-17.4942,0.0127,-33.5618,-1.4266,True
code1:80:0.02,code2:20:0.34,-17.4921,0.0127,-33.5597,-1.4245,True
code1:80:0.02,code2:20:0.5,-17.4737,0.013,-33.5413,-1.4061,True
code1:80:0.02,code2:20:0.58,-17.4194,0.0137,-33.487,-1.3518,True
code1:80:0.02,code2:20:0.62,-17.2466,0.0164,-33.3142,-1.179,True
code1:80:0.02,code2:20:0.64,-17.2101,0.017,-33.2777,-1.1425,True
code1:80:0.02,code2:30:0.02,-17.4875,0.0128,-33.5551,-1.4199,True
code1:80:0.02,code2:30:0.34,-16.9351,0.0223,-33.0027,-0.8674,True
code1:80:0.02,code2:30:0.5,-8.5157,0.9,-24.8893,7.858,False
code1:80:0.02,code2:30:0.58,-2.467,0.9,-19.0291,14.0951,False
code1:80:0.02,code2:30:0.62,5.447,0.9,-12.7719,23.666,False
code1:80:0.02,code2:30:0.64,25.7094,0.001,6.0307,45.3881,True
code1:80:0.02,code2:40:0.02,-17.3805,0.0143,-33.4481,-1.3129,True
code1:80:0.02,code2:40:0.34,9.1364,0.9,-8.4,26.6727,False
code1:80:0.02,code2:50:0.02,-10.8834,0.8217,-27.0201,5.2533,False
code1:80:0.02,code2:60:0.02,-6.0484,0.9,-22.2588,10.1621,False
code1:80:0.02,code2:70:0.02,-9.5816,0.9,-26.488,7.3249,False
code1:80:0.02,code2:80:0.02,-3.8861,0.9,-24.104,16.3319,False
code1:80:0.02,code2:90:0.02,0.0025,0.9,-20.8699,20.875,False
code1:90:0.02,code2:100:0.02,-24.937,0.0059,-46.9385,-2.9355,True
code1:90:0.02,code2:10:0.02,-35.2444,0.001,-50.2743,-20.2145,True
code1:90:0.02,code2:10:0.34,-35.2444,0.001,-50.2743,-20.2145,True
code1:90:0.02,code2:10:0.5,-35.2444,0.001,-50.2742,-20.2145,True
code1:90:0.02,code2:10:0.58,-35.2444,0.001,-50.2742,-20.2145,True
code1:90:0.02,code2:10:0.62,-35.2443,0.001,-50.2742,-20.2144,True
code1:90:0.02,code2:10:0.64,-35.2443,0.001,-50.2742,-20.2145,True
code1:90:0.02,code2:20:0.02,-35.2443,0.001,-50.2741,-20.2144,True
code1:90:0.02,code2:20:0.34,-35.2422,0.001,-50.2721,-20.2124,True
code1:90:0.02,code2:20:0.5,-35.2238,0.001,-50.2537,-20.1939,True
code1:90:0.02,code2:20:0.58,-35.1695,0.001,-50.1993,-20.1396,True
code1:90:0.02,code2:20:0.62,-34.9967,0.001,-50.0266,-19.9669,True
code1:90:0.02,code2:20:0.64,-34.9602,0.001,-49.9901,-19.9304,True
code1:90:0.02,code2:30:0.02,-35.2376,0.001,-50.2675,-20.2078,True
code1:90:0.02,code2:30:0.34,-34.6851,0.001,-49.715,-19.6553,True
code1:90:0.02,code2:30:0.5,-26.2657,0.001,-41.6224,-10.9091,True
code1:90:0.02,code2:30:0.58,-20.2171,0.001,-35.7745,-4.6597,True
code1:90:0.02,code2:30:0.62,-12.303,0.7198,-29.6137,5.0076,False
code1:90:0.02,code2:30:0.64,7.9593,0.9,-10.8816,26.8003,False
code1:90:0.02,code2:40:0.02,-35.1306,0.001,-50.1605,-20.1007,True
code1:90:0.02,code2:40:0.34,-8.6137,0.9,-25.2045,7.977,False
code1:90:0.02,code2:50:0.02,-28.6335,0.001,-43.7372,-13.5298,True
code1:90:0.02,code2:60:0.02,-23.7985,0.001,-38.9809,-8.616,True
code1:90:0.02,code2:70:0.02,-27.3317,0.001,-43.2552,-11.4082,True
code1:90:0.02,code2:80:0.02,-21.6362,0.0082,-41.0396,-2.2327,True
code1:90:0.02,code2:90:0.02,-17.7476,0.2156,-37.8321,2.3369,False
code2:100:0.02,code2:10:0.02,-10.3074,0.9,-29.9861,9.3713,False
code2:100:0.02,code2:10:0.34,-10.3074,0.9,-29.9861,9.3713,False
code2:100:0.02,code2:10:0.5,-10.3074,0.9,-29.9861,9.3714,False
code2:100:0.02,code2:10:0.58,-10.3074,0.9,-29.9861,9.3714,False
code2:100:0.02,code2:10:0.62,-10.3073,0.9,-29.986,9.3714,False
code2:100:0.02,code2:10:0.64,-10.3073,0.9,-29.986,9.3714,False
code2:100:0.02,code2:20:0.02,-10.3073,0.9,-29.986,9.3715,False
code2:100:0.02,code2:20:0.34,-10.3052,0.9,-29.9839,9.3735,False
code2:100:0.02,code2:20:0.5,-10.2868,0.9,-29.9655,9.3919,False
code2:100:0.02,code2:20:0.58,-10.2325,0.9,-29.9112,9.4463,False
code2:100:0.02,code2:20:0.62,-10.0597,0.9,-29.7384,9.619,False
code2:100:0.02,code2:20:0.64,-10.0232,0.9,-29.7019,9.6555,False
code2:100:0.02,code2:30:0.02,-10.3006,0.9,-29.9793,9.3781,False
code2:100:0.02,code2:30:0.34,-9.7481,0.9,-29.4268,9.9306,False
code2:100:0.02,code2:30:0.5,-1.3287,0.9,-21.2581,18.6007,False
code2:100:0.02,code2:30:0.58,4.7199,0.9,-15.3646,24.8044,False
code2:100:0.02,code2:30:0.62,12.634,0.9,-8.8373,34.1052,False
code2:100:0.02,code2:30:0.64,32.8964,0.001,10.1733,55.6194,True
code2:100:0.02,code2:40:0.02,-10.1936,0.9,-29.8723,9.4851,False
code2:100:0.02,code2:40:0.34,16.3233,0.5216,-4.5719,37.2184,False
code2:100:0.02,code2:50:0.02,-3.6965,0.9,-23.4317,16.0387,False
code2:100:0.02,code2:60:0.02,1.1386,0.9,-18.6569,20.9341,False
code2:100:0.02,code2:70:0.02,-2.3946,0.9,-22.764,17.9748,False
code2:100:0.02,code2:80:0.02,3.3008,0.9,-19.8907,26.4924,False
code2:100:0.02,code2:90:0.02,7.1895,0.9,-16.5748,30.9538,False
code2:10:0.02,code2:10:0.34,0.0,0.9,-11.3615,11.3615,False
code2:10:0.02,code2:10:0.5,0.0,0.9,-11.3615,11.3615,False
code2:10:0.02,code2:10:0.58,0.0,0.9,-11.3615,11.3615,False
code2:10:0.02,code2:10:0.62,0.0001,0.9,-11.3614,11.3616,False
code2:10:0.02,code2:10:0.64,0.0001,0.9,-11.3614,11.3616,False
code2:10:0.02,code2:20:0.02,0.0001,0.9,-11.3614,11.3616,False
code2:10:0.02,code2:20:0.34,0.0022,0.9,-11.3593,11.3637,False
code2:10:0.02,code2:20:0.5,0.0206,0.9,-11.3409,11.3821,False
code2:10:0.02,code2:20:0.58,0.0749,0.9,-11.2866,11.4364,False
code2:10:0.02,code2:20:0.62,0.2477,0.9,-11.1138,11.6092,False
code2:10:0.02,code2:20:0.64,0.2842,0.9,-11.0773,11.6457,False
code2:10:0.02,code2:30:0.02,0.0068,0.9,-11.3547,11.3683,False
code2:10:0.02,code2:30:0.34,0.5593,0.9,-10.8022,11.9208,False
code2:10:0.02,code2:30:0.5,8.9787,0.5769,-2.8117,20.7691,False
code2:10:0.02,code2:30:0.58,15.0273,0.001,2.9766,27.078,True
code2:10:0.02,code2:30:0.62,22.9414,0.001,8.699,37.1838,True
code2:10:0.02,code2:30:0.64,43.2037,0.001,27.1361,59.2713,True
code2:10:0.02,code2:40:0.02,0.1138,0.9,-11.2477,11.4753,False
code2:10:0.02,code2:40:0.34,26.6307,0.001,13.2726,39.9888,True
code2:10:0.02,code2:50:0.02,6.6109,0.9,-4.8481,18.0699,False
code2:10:0.02,code2:60:0.02,11.4459,0.058,-0.1167,23.0086,False
code2:10:0.02,code2:70:0.02,7.9127,0.9,-4.607,20.4325,False
code2:10:0.02,code2:80:0.02,13.6082,0.4221,-3.1155,30.3319,False
code2:10:0.02,code2:90:0.02,17.4969,0.0505,-0.0124,35.0061,False
code2:10:0.34,code2:10:0.5,0.0,0.9,-11.3615,11.3615,False
code2:10:0.34,code2:10:0.58,0.0,0.9,-11.3615,11.3615,False
code2:10:0.34,code2:10:0.62,0.0001,0.9,-11.3614,11.3616,False
code2:10:0.34,code2:10:0.64,0.0001,0.9,-11.3614,11.3616,False
code2:10:0.34,code2:20:0.02,0.0001,0.9,-11.3614,11.3616,False
code2:10:0.34,code2:20:0.34,0.0022,0.9,-11.3593,11.3637,False
code2:10:0.34,code2:20:0.5,0.0206,0.9,-11.3409,11.3821,False
code2:10:0.34,code2:20:0.58,0.0749,0.9,-11.2866,11.4364,False
code2:10:0.34,code2:20:0.62,0.2477,0.9,-11.1138,11.6092,False
code2:10:0.34,code2:20:0.64,0.2842,0.9,-11.0773,11.6457,False
code2:10:0.34,code2:30:0.02,0.0068,0.9,-11.3547,11.3683,False
code2:10:0.34,code2:30:0.34,0.5593,0.9,-10.8023,11.9208,False
code2:10:0.34,code2:30:0.5,8.9787,0.5769,-2.8117,20.7691,False
code2:10:0.34,code2:30:0.58,15.0273,0.001,2.9766,27.078,True
code2:10:0.34,code2:30:0.62,22.9414,0.001,8.6989,37.1838,True
code2:10:0.34,code2:30:0.64,43.2037,0.001,27.1361,59.2713,True
code2:10:0.34,code2:40:0.02,0.1138,0.9,-11.2477,11.4753,False
code2:10:0.34,code2:40:0.34,26.6307,0.001,13.2725,39.9888,True
code2:10:0.34,code2:50:0.02,6.6109,0.9,-4.8482,18.0699,False
code2:10:0.34,code2:60:0.02,11.4459,0.058,-0.1167,23.0085,False
code2:10:0.34,code2:70:0.02,7.9127,0.9,-4.607,20.4325,False
code2:10:0.34,code2:80:0.02,13.6082,0.4221,-3.1155,30.3319,False
code2:10:0.34,code2:90:0.02,17.4968,0.0505,-0.0124,35.0061,False
code2:10:0.5,code2:10:0.58,-0.0,0.9,-11.3615,11.3615,False
code2:10:0.5,code2:10:0.62,0.0001,0.9,-11.3615,11.3616,False
code2:10:0.5,code2:10:0.64,0.0001,0.9,-11.3615,11.3616,False
code2:10:0.5,code2:20:0.02,0.0001,0.9,-11.3614,11.3616,False
code2:10:0.5,code2:20:0.34,0.0022,0.9,-11.3594,11.3637,False
code2:10:0.5,code2:20:0.5,0.0206,0.9,-11.3409,11.3821,False
code2:10:0.5,code2:20:0.58,0.0749,0.9,-11.2866,11.4364,False
code2:10:0.5,code2:20:0.62,0.2477,0.9,-11.1139,11.6092,False
code2:10:0.5,code2:20:0.64,0.2841,0.9,-11.0774,11.6456,False
code2:10:0.5,code2:30:0.02,0.0067,0.9,-11.3548,11.3683,False
code2:10:0.5,code2:30:0.34,0.5592,0.9,-10.8023,11.9207,False
code2:10:0.5,code2:30:0.5,8.9786,0.577,-2.8118,20.769,False
code2:10:0.5,code2:30:0.58,15.0273,0.001,2.9766,27.078,True
code2:10:0.5,code2:30:0.62,22.9413,0.001,8.6989,37.1837,True
code2:10:0.5,code2:30:0.64,43.2037,0.001,27.1361,59.2713,True
code2:10:0.5,code2:40:0.02,0.1138,0.9,-11.2478,11.4753,False
code2:10:0.5,code2:40:0.34,26.6306,0.001,13.2725,39.9888,True
code2:10:0.5,code2:50:0.02,6.6109,0.9,-4.8482,18.0699,False
code2:10:0.5,code2:60:0.02,11.4459,0.058,-0.1167,23.0085,False
code2:10:0.5,code2:70:0.02,7.9127,0.9,-4.6071,20.4325,False
code2:10:0.5,code2:80:0.02,13.6082,0.4221,-3.1155,30.3319,False
code2:10:0.5,code2:90:0.02,17.4968,0.0505,-0.0124,35.0061,False
code2:10:0.58,code2:10:0.62,0.0001,0.9,-11.3615,11.3616,False
code2:10:0.58,code2:10:0.64,0.0001,0.9,-11.3615,11.3616,False
code2:10:0.58,code2:20:0.02,0.0001,0.9,-11.3614,11.3616,False
code2:10:0.58,code2:20:0.34,0.0022,0.9,-11.3594,11.3637,False
code2:10:0.58,code2:20:0.5,0.0206,0.9,-11.3409,11.3821,False
code2:10:0.58,code2:20:0.58,0.0749,0.9,-11.2866,11.4364,False
code2:10:0.58,code2:20:0.62,0.2477,0.9,-11.1139,11.6092,False
code2:10:0.58,code2:20:0.64,0.2841,0.9,-11.0774,11.6456,False
code2:10:0.58,code2:30:0.02,0.0067,0.9,-11.3548,11.3683,False
code2:10:0.58,code2:30:0.34,0.5592,0.9,-10.8023,11.9207,False
code2:10:0.58,code2:30:0.5,8.9786,0.577,-2.8118,20.769,False
code2:10:0.58,code2:30:0.58,15.0273,0.001,2.9766,27.078,True
code2:10:0.58,code2:30:0.62,22.9413,0.001,8.6989,37.1837,True
code2:10:0.58,code2:30:0.64,43.2037,0.001,27.1361,59.2713,True
code2:10:0.58,code2:40:0.02,0.1138,0.9,-11.2478,11.4753,False
code2:10:0.58,code2:40:0.34,26.6306,0.001,13.2725,39.9888,True
code2:10:0.58,code2:50:0.02,6.6109,0.9,-4.8482,18.0699,False
code2:10:0.58,code2:60:0.02,11.4459,0.058,-0.1167,23.0085,False
code2:10:0.58,code2:70:0.02,7.9127,0.9,-4.6071,20.4325,False
code2:10:0.58,code2:80:0.02,13.6082,0.4221,-3.1155,30.3319,False
code2:10:0.58,code2:90:0.02,17.4968,0.0505,-0.0124,35.0061,False
code2:10:0.62,code2:10:0.64,-0.0,0.9,-11.3615,11.3615,False
code2:10:0.62,code2:20:0.02,0.0,0.9,-11.3615,11.3615,False
code2:10:0.62,code2:20:0.34,0.0021,0.9,-11.3594,11.3636,False
code2:10:0.62,code2:20:0.5,0.0205,0.9,-11.341,11.382,False
code2:10:0.62,code2:20:0.58,0.0748,0.9,-11.2867,11.4364,False
code2:10:0.62,code2:20:0.62,0.2476,0.9,-11.1139,11.6091,False
code2:10:0.62,code2:20:0.64,0.2841,0.9,-11.0774,11.6456,False
code2:10:0.62,code2:30:0.02,0.0067,0.9,-11.3548,11.3682,False
code2:10:0.62,code2:30:0.34,0.5592,0.9,-10.8023,11.9207,False
code2:10:0.62,code2:30:0.5,8.9786,0.577,-2.8118,20.769,False
code2:10:0.62,code2:30:0.58,15.0272,0.001,2.9765,27.0779,True
code2:10:0.62,code2:30:0.62,22.9413,0.001,8.6989,37.1837,True
code2:10:0.62,code2:30:0.64,43.2036,0.001,27.136,59.2712,True
code2:10:0.62,code2:40:0.02,0.1137,0.9,-11.2478,11.4752,False
code2:10:0.62,code2:40:0.34,26.6306,0.001,13.2725,39.9887,True
code2:10:0.62,code2:50:0.02,6.6108,0.9,-4.8482,18.0698,False
code2:10:0.62,code2:60:0.02,11.4458,0.058,-0.1168,23.0085,False
code2:10:0.62,code2:70:0.02,7.9126,0.9,-4.6071,20.4324,False
code2:10:0.62,code2:80:0.02,13.6081,0.4221,-3.1156,30.3318,False
code2:10:0.62,code2:90:0.02,17.4968,0.0505,-0.0125,35.006,False
code2:10:0.64,code2:20:0.02,0.0,0.9,-11.3615,11.3616,False
code2:10:0.64,code2:20:0.34,0.0021,0.9,-11.3594,11.3636,False
code2:10:0.64,code2:20:0.5,0.0205,0.9,-11.341,11.382,False
code2:10:0.64,code2:20:0.58,0.0748,0.9,-11.2867,11.4364,False
code2:10:0.64,code2:20:0.62,0.2476,0.9,-11.1139,11.6091,False
code2:10:0.64,code2:20:0.64,0.2841,0.9,-11.0774,11.6456,False
code2:10:0.64,code2:30:0.02,0.0067,0.9,-11.3548,11.3682,False
code2:10:0.64,code2:30:0.34,0.5592,0.9,-10.8023,11.9207,False
code2:10:0.64,code2:30:0.5,8.9786,0.577,-2.8118,20.769,False
code2:10:0.64,code2:30:0.58,15.0272,0.001,2.9765,27.0779,True
code2:10:0.64,code2:30:0.62,22.9413,0.001,8.6989,37.1837,True
code2:10:0.64,code2:30:0.64,43.2036,0.001,27.136,59.2713,True
code2:10:0.64,code2:40:0.02,0.1137,0.9,-11.2478,11.4752,False
code2:10:0.64,code2:40:0.34,26.6306,0.001,13.2725,39.9887,True
code2:10:0.64,code2:50:0.02,6.6108,0.9,-4.8482,18.0698,False
code2:10:0.64,code2:60:0.02,11.4459,0.058,-0.1168,23.0085,False
code2:10:0.64,code2:70:0.02,7.9127,0.9,-4.6071,20.4324,False
code2:10:0.64,code2:80:0.02,13.6081,0.4221,-3.1156,30.3318,False
code2:10:0.64,code2:90:0.02,17.4968,0.0505,-0.0125,35.006,False
code2:20:0.02,code2:20:0.34,0.0021,0.9,-11.3595,11.3636,False
code2:20:0.02,code2:20:0.5,0.0205,0.9,-11.341,11.382,False
code2:20:0.02,code2:20:0.58,0.0748,0.9,-11.2867,11.4363,False
code2:20:0.02,code2:20:0.62,0.2476,0.9,-11.114,11.6091,False
code2:20:0.02,code2:20:0.64,0.284,0.9,-11.0775,11.6456,False
code2:20:0.02,code2:30:0.02,0.0067,0.9,-11.3549,11.3682,False
code2:20:0.02,code2:30:0.34,0.5591,0.9,-10.8024,11.9206,False
code2:20:0.02,code2:30:0.5,8.9785,0.577,-2.8119,20.7689,False
code2:20:0.02,code2:30:0.58,15.0272,0.001,2.9765,27.0779,True
code2:20:0.02,code2:30:0.62,22.9412,0.001,8.6988,37.1836,True
code2:20:0.02,code2:30:0.64,43.2036,0.001,27.136,59.2712,True
code2:20:0.02,code2:40:0.02,0.1137,0.9,-11.2478,11.4752,False
code2:20:0.02,code2:40:0.34,26.6306,0.001,13.2724,39.9887,True
code2:20:0.02,code2:50:0.02,6.6108,0.9,-4.8483,18.0698,False
code2:20:0.02,code2:60:0.02,11.4458,0.058,-0.1168,23.0084,False
code2:20:0.02,code2:70:0.02,7.9126,0.9,-4.6072,20.4324,False
code2:20:0.02,code2:80:0.02,13.6081,0.4221,-3.1156,30.3318,False
code2:20:0.02,code2:90:0.02,17.4967,0.0505,-0.0125,35.006,False
code2:20:0.34,code2:20:0.5,0.0184,0.9,-11.3431,11.3799,False
code2:20:0.34,code2:20:0.58,0.0727,0.9,-11.2888,11.4343,False
code2:20:0.34,code2:20:0.62,0.2455,0.9,-11.116,11.607,False
code2:20:0.34,code2:20:0.64,0.282,0.9,-11.0795,11.6435,False
code2:20:0.34,code2:30:0.02,0.0046,0.9,-11.3569,11.3661,False
code2:20:0.34,code2:30:0.34,0.5571,0.9,-10.8044,11.9186,False
code2:20:0.34,code2:30:0.5,8.9765,0.5775,-2.8139,20.7669,False
code2:20:0.34,code2:30:0.58,15.0251,0.001,2.9744,27.0758,True
code2:20:0.34,code2:30:0.62,22.9392,0.001,8.6968,37.1816,True
code2:20:0.34,code2:30:0.64,43.2015,0.001,27.1339,59.2692,True
code2:20:0.34,code2:40:0.02,0.1116,0.9,-11.2499,11.4731,False
code2:20:0.34,code2:40:0.34,26.6285,0.001,13.2704,39.9866,True
code2:20:0.34,code2:50:0.02,6.6087,0.9,-4.8503,18.0677,False
code2:20:0.34,code2:60:0.02,11.4438,0.0581,-0.1189,23.0064,False
code2:20:0.34,code2:70:0.02,7.9106,0.9,-4.6092,20.4303,False
code2:20:0.34,code2:80:0.02,13.606,0.4226,-3.1177,30.3297,False
code2:20:0.34,code2:90:0.02,17.4947,0.0506,-0.0146,35.0039,False
code2:20:0.5,code2:20:0.58,0.0543,0.9,-11.3072,11.4158,False
code2:20:0.5,code2:20:0.62,0.2271,0.9,-11.1344,11.5886,False
code2:20:0.5,code2:20:0.64,0.2636,0.9,-11.0979,11.6251,False
code2:20:0.5,code2:30:0.02,-0.0138,0.9,-11.3753,11.3477,False
code2:20:0.5,code2:30:0.34,0.5387,0.9,-10.8228,11.9002,False
code2:20:0.5,code2:30:0.5,8.9581,0.5819,-2.8323,20.7485,False
code2:20:0.5,code2:30:0.58,15.0067,0.001,2.956,27.0574,True
code2:20:0.5,code2:30:0.62,22.9208,0.001,8.6784,37.1632,True
code2:20:0.5,code2:30:0.64,43.1831,0.001,27.1155,59.2507,True
code2:20:0.5,code2:40:0.02,0.0932,0.9,-11.2683,11.4547,False
code2:20:0.5,code2:40:0.34,26.6101,0.001,13.252,39.9682,True
code2:20:0.5,code2:50:0.02,6.5903,0.9,-4.8687,18.0493,False
code2:20:0.5,code2:60:0.02,11.4253,0.0595,-0.1373,22.988,False
code2:20:0.5,code2:70:0.02,7.8921,0.9,-4.6276,20.4119,False
code2:20:0.5,code2:80:0.02,13.5876,0.4263,-3.1361,30.3113,False
code2:20:0.5,code2:90:0.02,17.4763,0.0514,-0.033,34.9855,False
code2:20:0.58,code2:20:0.62,0.1728,0.9,-11.1888,11.5343,False
code2:20:0.58,code2:20:0.64,0.2092,0.9,-11.1523,11.5707,False
code2:20:0.58,code2:30:0.02,-0.0682,0.9,-11.4297,11.2934,False
code2:20:0.58,code2:30:0.34,0.4843,0.9,-10.8772,11.8458,False
code2:20:0.58,code2:30:0.5,8.9037,0.5948,-2.8867,20.6941,False
code2:20:0.58,code2:30:0.58,14.9524,0.001,2.9017,27.0031,True
code2:20:0.58,code2:30:0.62,22.8664,0.001,8.624,37.1088,True
code2:20:0.58,code2:30:0.64,43.1288,0.001,27.0612,59.1964,True
code2:20:0.58,code2:40:0.02,0.0389,0.9,-11.3227,11.4004,False
code2:20:0.58,code2:40:0.34,26.5557,0.001,13.1976,39.9139,True
code2:20:0.58,code2:50:0.02,6.536,0.9,-4.9231,17.995,False
code2:20:0.58,code2:60:0.02,11.371,0.0637,-0.1916,22.9336,False
code2:20:0.58,code2:70:0.02,7.8378,0.9,-4.682,20.3576,False
code2:20:0.58,code2:80:0.02,13.5333,0.4373,-3.1904,30.257,False
code2:20:0.58,code2:90:0.02,17.4219,0.0538,-0.0873,34.9312,False
code2:20:0.62,code2:20:0.64,0.0365,0.9,-11.325,11.398,False
code2:20:0.62,code2:30:0.02,-0.2409,0.9,-11.6024,11.1206,False
code2:20:0.62,code2:30:0.34,0.3116,0.9,-11.0499,11.6731,False
code2:20:0.62,code2:30:0.5,8.731,0.636,-3.0594,20.5214,False
code2:20:0.62,code2:30:0.58,14.7796,0.0011,2.7289,26.8303,True
code2:20:0.62,code2:30:0.62,22.6937,0.001,8.4513,36.9361,True
code2:20:0.62,code2:30:0.64,42.9561,0.001,26.8884,59.0237,True
code2:20:0.62,code2:40:0.02,-0.1339,0.9,-11.4954,11.2276,False
code2:20:0.62,code2:40:0.34,26.383,0.001,13.0249,39.7411,True
code2:20:0.62,code2:50:0.02,6.3632,0.9,-5.0958,17.8222,False
code2:20:0.62,code2:60:0.02,11.1983,0.0784,-0.3644,22.7609,False
code2:20:0.62,code2:70:0.02,7.6651,0.9,-4.8547,20.1848,False
code2:20:0.62,code2:80:0.02,13.3605,0.4706,-3.3631,30.0842,False
code2:20:0.62,code2:90:0.02,17.2492,0.0621,-0.2601,34.7584,False
code2:20:0.64,code2:30:0.02,-0.2774,0.9,-11.6389,11.0841,False
code2:20:0.64,code2:30:0.34,0.2751,0.9,-11.0864,11.6366,False
code2:20:0.64,code2:30:0.5,8.6945,0.6447,-3.0959,20.4849,False
code2:20:0.64,code2:30:0.58,14.7431,0.0011,2.6924,26.7938,True
code2:20:0.64,code2:30:0.62,22.6572,0.001,8.4148,36.8996,True
code2:20:0.64,code2:30:0.64,42.9196,0.001,26.852,58.9872,True
code2:20:0.64,code2:40:0.02,-0.1704,0.9,-11.5319,11.1911,False
code2:20:0.64,code2:40:0.34,26.3465,0.001,12.9884,39.7046,True
code2:20:0.64,code2:50:0.02,6.3267,0.9,-5.1323,17.7858,False
code2:20:0.64,code2:60:0.02,11.1618,0.0817,-0.4008,22.7244,False
code2:20:0.64,code2:70:0.02,7.6286,0.9,-4.8912,20.1483,False
code2:20:0.64,code2:80:0.02,13.3241,0.4773,-3.3996,30.0477,False
code2:20:0.64,code2:90:0.02,17.2127,0.064,-0.2966,34.7219,False
code2:30:0.02,code2:30:0.34,0.5525,0.9,-10.809,11.914,False
code2:30:0.02,code2:30:0.5,8.9719,0.5786,-2.8185,20.7623,False
code2:30:0.02,code2:30:0.58,15.0205,0.001,2.9698,27.0712,True
code2:30:0.02,code2:30:0.62,22.9346,0.001,8.6922,37.177,True
code2:30:0.02,code2:30:0.64,43.197,0.001,27.1294,59.2646,True
code2:30:0.02,code2:40:0.02,0.107,0.9,-11.2545,11.4685,False
code2:30:0.02,code2:40:0.34,26.6239,0.001,13.2658,39.982,True
code2:30:0.02,code2:50:0.02,6.6041,0.9,-4.8549,18.0631,False
code2:30:0.02,code2:60:0.02,11.4392,0.0585,-0.1235,23.0018,False
code2:30:0.02,code2:70:0.02,7.906,0.9,-4.6138,20.4257,False
code2:30:0.02,code2:80:0.02,13.6014,0.4235,-3.1222,30.3251,False
code2:30:0.02,code2:90:0.02,17.4901,0.0508,-0.0192,34.9993,False
code2:30:0.34,code2:30:0.5,8.4194,0.7103,-3.371,20.2098,False
code2:30:0.34,code2:30:0.58,14.468,0.0017,2.4173,26.5187,True
code2:30:0.34,code2:30:0.62,22.3821,0.001,8.1397,36.6245,True
code2:30:0.34,code2:30:0.64,42.6445,0.001,26.5769,58.7121,True
code2:30:0.34,code2:40:0.02,-0.4455,0.9,-11.807,10.916,False
code2:30:0.34,code2:40:0.34,26.0714,0.001,12.7133,39.4295,True
code2:30:0.34,code2:50:0.02,6.0516,0.9,-5.4074,17.5107,False
code2:30:0.34,code2:60:0.02,10.8867,0.1104,-0.6759,22.4493,False
code2:30:0.34,code2:70:0.02,7.3535,0.9,-5.1663,19.8733,False
code2:30:0.34,code2:80:0.02,13.049,0.5243,-3.6747,29.7727,False
code2:30:0.34,code2:90:0.02,16.9376,0.0796,-0.5717,34.4469,False
code2:30:0.5,code2:30:0.58,6.0486,0.9,-6.4073,18.5045,False
code2:30:0.5,code2:30:0.62,13.9627,0.0891,-0.6241,28.5495,False
code2:30:0.5,code2:30:0.64,34.2251,0.001,17.8514,50.5988,True
code2:30:0.5,code2:40:0.02,-8.8649,0.6041,-20.6553,2.9255,False
code2:30:0.5,code2:40:0.34,17.652,0.001,3.9273,31.3768,True
code2:30:0.5,code2:50:0.02,-2.3678,0.9,-14.2522,9.5166,False
code2:30:0.5,code2:60:0.02,2.4673,0.9,-9.517,14.4516,False
code2:30:0.5,code2:70:0.02,-1.0659,0.9,-13.9762,11.8443,False
code2:30:0.5,code2:80:0.02,4.6296,0.9,-12.3884,21.6475,False
code2:30:0.5,code2:90:0.02,8.5182,0.9,-9.2724,26.3087,False
code2:30:0.58,code2:30:0.62,7.9141,0.9,-6.884,22.7121,False
code2:30:0.58,code2:30:0.64,28.1765,0.001,11.6143,44.7386,True
code2:30:0.58,code2:40:0.02,-14.9135,0.001,-26.9642,-2.8628,True
code2:30:0.58,code2:40:0.34,11.6034,0.359,-2.3456,25.5524,False
code2:30:0.58,code2:50:0.02,-8.4164,0.7692,-20.5591,3.7263,False
code2:30:0.58,code2:60:0.02,-3.5813,0.9,-15.8218,8.6591,False
code2:30:0.58,code2:70:0.02,-7.1145,0.9,-20.2629,6.0338,False
code2:30:0.58,code2:80:0.02,-1.4191,0.9,-18.6184,15.7803,False
code2:30:0.58,code2:90:0.02,2.4696,0.9,-15.4946,20.4337,False
code2:30:0.62,code2:30:0.64,20.2624,0.0086,2.0434,38.4813,True
code2:30:0.62,code2:40:0.02,-22.8276,0.001,-37.07,-8.5852,True
code2:30:0.62,code2:40:0.34,3.6893,0.9,-12.1915,19.5702,False
code2:30:0.62,code2:50:0.02,-16.3305,0.0053,-30.6508,-2.0102,True
code2:30:0.62,code2:60:0.02,-11.4954,0.473,-25.8988,2.9079,False
code2:30:0.62,code2:70:0.02,-15.0286,0.058,-30.2111,0.1538,False
code2:30:0.62,code2:80:0.02,-9.3331,0.9,-28.1332,9.467,False
code2:30:0.62,code2:90:0.02,-5.4445,0.9,-24.9467,14.0577,False
code2:30:0.64,code2:40:0.02,-43.0899,0.001,-59.1575,-27.0223,True
code2:30:0.64,code2:40:0.34,-16.5731,0.1053,-34.1094,0.9633,False
code2:30:0.64,code2:50:0.02,-36.5929,0.001,-52.7296,-20.4561,True
code2:30:0.64,code2:60:0.02,-31.7578,0.001,-47.9682,-15.5474,True
code2:30:0.64,code2:70:0.02,-35.291,0.001,-52.1975,-18.3845,True
code2:30:0.64,code2:80:0.02,-29.5955,0.001,-49.8135,-9.3776,True
code2:30:0.64,code2:90:0.02,-25.7069,0.001,-46.5793,-4.8345,True
code2:40:0.02,code2:40:0.34,26.5169,0.001,13.1588,39.875,True
code2:40:0.02,code2:50:0.02,6.4971,0.9,-4.9619,17.9561,False
code2:40:0.02,code2:60:0.02,11.3321,0.0668,-0.2305,22.8948,False
code2:40:0.02,code2:70:0.02,7.7989,0.9,-4.7208,20.3187,False
code2:40:0.02,code2:80:0.02,13.4944,0.445,-3.2293,30.2181,False
code2:40:0.02,code2:90:0.02,17.3831,0.0556,-0.1262,34.8923,False
code2:40:0.34,code2:50:0.02,-20.0198,0.001,-33.461,-6.5786,True
code2:40:0.34,code2:60:0.02,-15.1847,0.0072,-28.7143,-1.6552,True
code2:40:0.34,code2:70:0.02,-18.7179,0.001,-33.0741,-4.3617,True
code2:40:0.34,code2:80:0.02,-13.0225,0.6995,-31.1618,5.1169,False
code2:40:0.34,code2:90:0.02,-9.1338,0.9,-27.9999,9.7323,False
code2:50:0.02,code2:60:0.02,4.8351,0.9,-6.8234,16.4935,False
code2:50:0.02,code2:70:0.02,1.3019,0.9,-11.3065,13.9102,False
code2:50:0.02,code2:80:0.02,6.9973,0.9,-9.7928,23.7874,False
code2:50:0.02,code2:90:0.02,10.886,0.9,-6.6867,28.4587,False
code2:60:0.02,code2:70:0.02,-3.5332,0.9,-16.2358,9.1694,False
code2:60:0.02,code2:80:0.02,2.1623,0.9,-14.6987,19.0232,False
code2:60:0.02,code2:90:0.02,6.0509,0.9,-11.5895,23.6913,False
code2:70:0.02,code2:80:0.02,5.6955,0.9,-11.8357,23.2267,False
code2:70:0.02,code2:90:0.02,9.5841,0.9,-8.698,27.8662,False
code2:80:0.02,code2:90:0.02,3.8886,0.9,-17.493,25.2702,False
